Country,Year,Global Innovation Index,Innovation Input Sub-index,Innovation Output Sub-index,Institutions,Political environment,Political and operational stability,Government effectiveness,Regulatory environment,Regulatory quality,Rule of law,Cost of redundancy dismissal,Business environment,Ease of starting a business,Ease of resolving insolvency,Human capital and research,Education,Expenditure on education,Government funding per secondary student,School life expectancy,"Assessment in reading, mathematics, and science","Pupil-teacher ratio, secondary",Tertiary education,Tertiary enrolment,Graduates in science and engineering,Tertiary level inbound mobility,Research and development (R&D),Researchers,Gross expenditure on R&D (GERD),"Global R&D companies, average expenditure top 3",QS university ranking average score top 3 universities,Infrastructure,Information and communication technologies (ICTs),ICT access,ICT use,Government's online service,Online e-participation,General infrastructure,Electricity output,Logistics performance,Gross capital formation,Ecological sustainability,GDP per unit of energy use,Environmental performance,ISO 14001 environmental certificates,Market sophistication,Credit,Ease of getting credit,Domestic credit to private sector,Microfinance institutions' gross loan portfolio,Investment,Ease of protecting minority investors,Market capitalization,Venture capital deals,"Trade, competition, & market scale","Applied tariff rate, weighted mean",Intensity of local competition,Domestic market scale,Business sophistication,Knowledge workers,Employment in knowledge-intensive services,Firms offering formal training,GERD performed by business enterprise,GERD financed by business enterprise,Females employed with advanced degrees,Innovation linkages,University/industry research collaboration,State of cluster development,GERD financed by abroad,Joint venture/strategic alliance deals,Patent families filed in at least two offices,Knowledge absorption,Intellectual property payments,High-tech imports,ICT services imports,"Foreign direct investment, net inflows",Research talent in business enterprise,Knowledge and technology outputs,Knowledge creation,Patent applications by origin,PCT international applications by origin,Utility model applications by origin,Scientific and technical publications,Citable documents H index,Knowledge impact,Growth rate of GDP per person engaged,New business density,Total computer software spending,ISO 9001 quality certificates,High-tech and medium high-tech output,Knowledge diffusion,Intellectual property receipts,High-tech exports,ICT services exports,"Foreign direct investment, net outflows",Creative outputs,Intangible assets,Trademark application class count by origin,Industrial designs by origin,ICTs and business model creation,ICTs and organizational model creation,Creative goods and services,Cultural and creative services exports,National feature films produced,Entertainment and media market,"Printing, publications & other media output",Creative goods exports,Online creativity,Generic top-level domains (gTLDs),Country-code top-level domains (ccTLDs),Wikipedia yearly edits,Mobile app creation
South Africa,2014,38.2,45.6,30.9,69.9,63.5,65.6,49.5,75.5,58.7,48.6,97.3,70.8,88.8,37.6,28.7,34.5,42.4,19.5,,,48.7,,,,,22.8,6.8,17.2,,44.5,32.9,31.6,41.4,23.5,45.8,15.8,37.6,25.1,81.7,21.8,29.5,14.7,53.5,10.9,63.8,47.2,81.3,49.2,11.2,66.6,80,93.3,0.5,77.6,84.3,71,,32.7,40.8,43.5,45.8,11.4,58.7,37,30.4,59,52.5,15.4,14.3,3.9,26.8,56,38.7,8.5,18.6,,29.1,18.2,6.3,13.3,,23.1,30.1,44.5,70.7,43.4,27.1,15.7,39.3,24.7,11.6,6.7,6.4,49.5,32.7,44.7,13.8,,62.2,58,18.2,,4.3,8.9,32.9,15.1,23.1,4.2,43.9,1.8,42.5
Tunisia,2014,32.9,39.7,26.1,61.8,49.5,47.9,40.5,67.4,43.4,42.7,91.8,68.6,81.1,55,37.8,46.5,44.1,25.2,63.7,24.1,81.8,48.7,35.2,78.6,2.6,18.3,29.9,25.1,,0,37,35.6,39.5,18.2,47.7,36.8,33.8,7.3,61.9,33,41.7,42.7,59,5.1,39.9,25.4,50,23.7,2.4,27.1,60,11.2,1.5,67.3,43.7,64.5,,22.1,24.8,35.8,,6.7,23.6,22.4,24.1,34.2,44.8,19.1,1.8,4.6,17.5,1.6,36.2,8,16.3,,21.2,13.8,4.9,1.7,,38.6,10,29.4,64.4,0,21.2,11.2,15.4,20.4,18.6,16.3,26.3,,31.1,39.8,,0.2,50.7,48.7,26.9,2.9,9.8,,,47.5,17.8,2.7,7.2,2.4,58.9
Morocco,2014,32.2,38,26.5,59.6,51.7,54.4,39.7,59.1,46.4,41,74.5,68,89.4,40.6,29.7,41.9,37.6,32.8,42.5,,67,38.2,15.7,63.8,9.7,9.1,10.6,16.6,,0,39.6,40.8,46.7,22.8,54.3,39.5,41.7,3.7,56.3,53.4,36.3,38,51.9,1.7,42.8,26.6,50,23.1,6.6,25.8,46.7,31.7,0.6,76,74.8,68.7,,18.2,20.9,10.7,27,6.6,35.3,29,20.4,34,49.5,2.2,3.7,1.7,13.3,4.3,,7.9,23.1,,25.5,9.3,7,6.3,,12.1,12,31,62.8,0,14.1,8.2,38.2,36.3,1.1,,45.9,49,27.4,38.8,34.5,6.3,52.8,45.5,12.8,30,7.5,1.2,12.7,,19.2,2.1,14.4,1.6,58.9
Kenya,2014,31.9,34.7,29,53.6,44.2,34,26.3,65.8,40.7,22.6,100,50.9,72.5,26.1,15.8,35.9,48.2,21.2,38.5,,35.3,3.3,3.3,,,8.4,2.9,22.2,,0,21.1,21.8,27.3,11.5,43.1,5.3,21,0.8,32.5,25.3,20.6,13,37,2.8,54.4,51.8,87.5,10.7,57.1,30.1,50,23.1,24.8,81.2,78.5,73.2,,28.5,16.4,,,2.5,10.1,36.5,42,54.7,50.8,60.3,12,5,27.1,3.7,67,9.4,16.5,,26.9,12.3,9.8,2,11.4,23.1,16.3,29.3,67.2,0,14.7,14.1,12.6,39,42.3,3.9,50.9,48.8,31.2,48.6,,0.7,63.5,57.7,16.9,0,,1.2,35.4,14.8,10.5,0.9,10.8,0.4,29.9
Mauritius,2014,40.9,46.9,35,78.3,76.2,89.3,65.8,84,74.5,72.1,94.7,74.5,91.2,43.5,25.9,43,22.1,18.6,70.3,,78.7,30.5,40,35.2,11.6,4.1,,8.3,,0,37.1,32.4,51.7,26.9,43.1,7.9,38.7,,48,34,40.2,,58.1,4.3,63,53.6,75,32.3,,48.9,76.7,39.5,,86.5,97.6,74.3,,30.2,38.3,34.8,32.5,,,56.9,33.1,38,50.7,,7.5,18.6,19.3,7.2,16.3,24.8,22.7,,26.6,3.7,0.6,,,6.4,4,26.7,,49.1,,27.9,3.2,49.5,4.5,0.6,42.3,100,43.4,57.6,,,59.5,55.7,41.1,1.9,100,,49.7,22.8,17.1,17.5,29.6,4.3,
Trinidad and Tobago,2014,31.6,38.6,24.5,62.1,65.6,68.3,51.6,61.4,54.5,41.2,74.9,59.4,81.1,28.5,29.2,47.4,,,47.4,,,37.6,11.4,54.9,29.1,2.6,7,0.7,,0,25.7,35.3,56.7,28.3,48.4,7.9,17.9,32.2,,10.8,23.8,4.9,52.3,4.5,48.4,30.3,81.3,8.8,0.9,42.7,66.7,36.9,,72.1,64.6,62.3,,27.9,31,43,36.1,0,2.4,56.1,35.1,37,42,,,19.4,17.6,10.6,14.7,18.7,22.7,,21.9,4.1,0.1,1.1,,8.6,6.7,40.7,62.7,,,4,33.4,20.8,0.5,0.1,0.4,51.4,27.1,45.6,,,45.2,46,8,,,,14,1.9,9.3,6.7,17,4.2,
Egypt,2014,30,34.1,26,42.1,33.7,29.4,20.3,38.5,36,33.9,42.1,54,86.5,17.9,27.8,48.3,24.4,,53.4,,86.1,19,28.6,,9.3,16.2,10.7,9.6,,28.2,36.1,48.9,42,25.1,60.1,68.4,23,9.2,54.4,14.1,36.5,26.4,61.1,7.4,35.4,21.8,56.3,8.4,0.6,18.9,36.7,13,0.6,65.4,71.6,51,,28.9,38.8,58.9,23,,,30,31.3,27.5,51.5,,25.2,1,16.6,13.7,22.3,17.4,11.5,,25.4,11.5,7.6,2.2,,19.7,16.5,33.2,57.2,,11.9,10.2,29.3,31.4,31.7,0.5,27.2,48.9,26.6,40.1,,1,49,50.8,9.7,21,3.7,1.5,7.2,13.5,16.6,1.7,1.4,1.7,61.7
Botswana,2014,30.9,41.2,20.5,71.5,74.1,92.8,52.6,69.1,66.9,64.5,72.5,71.3,72.6,65.6,25.1,54.5,71.3,35.6,43.4,,81.1,13.9,6.8,,21,6.8,8.6,12,,0,35.4,21.1,35.8,10,36,2.6,43.3,0.8,48.8,61.8,41.6,55.5,47.6,2,49.5,35.8,62.5,9.2,,34.8,60,18.5,,77.9,87.1,62.2,,24.5,33.7,29,63.3,2.5,18.3,30.2,27.5,37.2,43,,14.3,0,12.5,5.8,,7.3,21,,23.7,5.2,,1.1,,8.2,6.2,41.2,,81.6,,0.9,,24.8,0.7,,1,48.8,17.3,33.9,,2.7,44,39.3,0,0,,,,,1.6,1.2,3.3,0.4,
Rwanda,2014,29.3,40.2,18.4,60.6,48.1,60.5,39.2,66.4,46.2,39.1,90.1,67.5,97.4,20.2,20.4,38.9,35.5,39.8,33.3,,54.9,22.1,6.2,39.2,3.8,0.2,0.4,,,0,23,15,19.6,3.8,34,2.6,30.2,,26.2,32.2,23.9,,35.4,0.8,59.4,35.1,87.5,2.2,15.6,67.4,66.7,,68.8,75.8,78.4,62.3,,37.5,47.3,,64,,,13.8,42.5,45.2,47.3,,30.2,,22.7,0.1,40.7,19.2,19.4,,15.5,9.9,16,,10,10.3,3.3,3.6,,7.1,,0,,33.2,77.8,0.3,21.4,,21.3,41.8,2.8,,65.3,57.3,1,0.6,,,,1.2,0.6,0.2,1.5,0.1,
Senegal,2014,30.1,32.6,27.6,54.5,55.2,63.2,28.7,65.2,46.3,37.3,88.6,43,76.2,26.8,14.7,31,39.5,30.7,17.5,,42,7,7,,,6,5.8,12.2,,0,27.3,22.4,25.9,8,34.6,21.1,31.5,1.1,34.9,45,28,28.4,40.8,1.7,42.4,29.7,43.8,8.4,36.9,30,30,,,67.6,70.3,68.8,,23.9,11.7,,20.6,0.1,0.2,16.8,38.2,37.2,39.8,51.9,8.6,,22,4.4,9.2,44.7,20.8,,24.1,9.6,,1.1,,18.9,8.7,27,59.9,1.8,15.9,4,20.5,35.6,6.4,0.7,73.2,48.9,31,52.5,,,60,45,9.8,3.1,4.7,,19.5,6,9.4,1.1,5.1,0.2,31.1
United Republic of Tanzania (the),2014,25.6,32,19.2,57.2,53.8,66.3,22.4,65.9,38.4,30.5,97.3,52,76.8,22.7,12.7,30.8,44.2,15.2,26,,44.8,3.2,3.2,,3.2,4,0.6,11.6,,0,25.4,16.7,18.7,4.9,35.3,7.9,39.6,0.5,41.3,58.4,19.8,11.9,36.2,2.7,36.6,17.8,43.8,4.5,5.2,21.7,50,3.5,5.1,70.3,76.7,53,,28,19.7,3.2,42.8,,,6.6,46.7,41.8,42,53.7,,,17.7,0.1,23.2,6.7,31.8,,17.5,8.2,,0.6,,12.9,11.1,39.4,71.4,,,1.3,13.6,5,,3.4,6.5,,20.9,31.3,0.4,,47.8,45.7,19.8,1.1,,,46.9,2,1.2,0.2,3.4,0.1,
Namibia,2014,28.5,36.7,20.3,68.2,73.5,88.8,44.2,74.2,50.5,52.9,96.7,57.1,67.8,37,19.3,40.8,62.1,14.7,41,,49.9,15,8.7,0,51.3,2.1,3.1,3,,0,25.8,19.8,30.9,15.5,30.1,2.6,23.6,2.9,41.3,25.2,34,40.2,43.7,2.3,44.4,27.9,68.8,14.7,0.3,28.1,53.3,5.8,,77.1,96.3,59.8,,25.7,29.4,28.7,53.5,0.6,15,25.6,24.5,42,44.2,1.9,,12.9,23,2.6,23.4,11,45,,12.7,11.6,,18.5,,10.4,5.9,4.7,,5.7,,3.8,,21.7,0,7,3.4,48.9,27.9,48.3,,,51,45.5,10.3,,5.8,,,12.5,4.8,11,1.9,1.4,
Uganda,2014,31.1,36.3,26,56.7,46,43.9,25.7,69.1,42.4,36.5,98.7,55.2,58.7,38.1,17.3,31.9,20.4,20.6,36.9,,67.6,15.5,8.4,13.6,26.1,4.4,0.7,12.5,,0,28.1,16.1,19.5,7.5,29.4,7.9,41.7,,48,38.5,26.5,,39.2,1,43.7,30.4,75,3.9,12.4,23.7,46.7,21.3,3.5,76.9,74.2,67,,35.8,22.1,6.4,40.8,5.8,41.1,13,54.4,45.5,39.8,73.3,,,31.1,5.8,32.3,24.5,49.1,,24.3,8.5,0.9,1.2,,19.8,12,31.3,58.5,7.7,,0.5,,33.2,36.8,10.4,21.2,48.8,27.6,50,,,51.7,48.3,5.8,9.7,,,,3.8,4.6,0.4,2.1,0.1,15.7
Cote d'Ivoire,2014,27,28,26,48.8,38.8,34.8,11.3,56.1,28.7,15.9,89.8,51.6,77.8,33.6,13,31.3,31.3,,,,,7,7.7,,6.3,0.6,1.2,,,0,20.1,18.3,25.8,0.9,33.3,13.2,20.9,1.4,44.4,18.9,21.1,11.7,39.7,2.5,37.7,16.9,43.8,4.6,2.3,21.4,33.3,18.4,,74.8,76,66.2,,20.5,23.3,,22.5,,,24.8,23.6,30.2,32.2,,,0,14.5,4.8,13.6,16.3,18.4,,27.2,4.5,3.8,0.7,,5.8,7.7,54,79.3,,,3.4,,23.2,0.3,3.2,14.6,48.9,24.8,47.9,,,50.7,45.2,1.6,3.4,,,,0.8,1.9,0.5,3.3,,
Ghana,2014,30.3,33.5,27,52.3,63.3,68.1,38.9,32.4,51.9,45.5,16.1,61.2,82.5,27.7,22.8,47.1,60.3,27.2,42.1,,70.5,18.2,11.7,22.8,15.6,3.1,0.9,8.4,,0,20.6,20.4,24,17.1,30.1,10.5,21.5,2.1,35.7,24.1,19.8,16.9,32.1,1.3,42.5,28.9,81.3,3.9,1.7,27.7,63.3,4.8,6.9,70.8,69.7,67,,29.3,22.1,,35.6,0,0,39.5,30.1,40.5,44.2,39.9,2.3,0,35.7,,24.4,,47,,31.1,6.2,,0.4,,9.7,8.4,54.2,80.9,,,0.9,,33,,1.5,,48.8,22.9,42.6,,5.2,55.3,48.5,0.6,,,,,0.6,6,0.8,0,0.5,22.6
Ethiopia,2014,25.4,30.4,20.4,48.7,39.2,28.1,29.2,51.1,21,28.3,77.6,55.7,61.4,39.1,11.4,14.8,32.4,8.1,8.2,,6.2,17.3,2,24.9,,2,0.7,5.4,,0,25.2,24.6,16.4,0.7,47.1,34.2,31.2,0.2,25,49.8,19.7,9.8,39.4,0,41,23.6,50,4.5,16.4,33.3,33.3,,,65.9,63.2,50.5,,25.6,18,26.8,24.8,1.1,18.2,3.3,32.4,41.5,34.3,38.3,7.3,,26.6,0.8,19.4,52.3,20.7,,17.5,9.8,1.1,,14.8,10,8.4,32.1,72.7,0,,1.2,14.1,10.5,0.8,0.3,30.4,,23.2,38.8,,,40.2,37.5,15.1,0.2,,,37,0.7,0.1,0,0.3,0,
Mali,2014,26.2,28.7,23.7,47.8,33.9,17.2,14.5,60.6,37.8,27.3,88.6,48.9,66.8,23.5,13.9,32,33,33.3,20.8,,49.7,4.7,6.8,,2.6,5.1,0.5,14.9,,0,18.1,14.4,24.4,1,32,0,27.5,,26.2,28.1,12.4,,18.4,0.3,38.3,16.7,43.8,5.5,0.8,36.7,36.7,,,61.7,70.3,58.3,,25.1,19.4,,43.1,0.2,3.3,7,26.1,31.5,44.8,11.2,12.8,,30,2,30.8,53.7,19.4,,18.7,6.3,,2.7,,10.2,5.9,18,26.9,,,0.3,,31.9,1.8,0.6,64.9,46.1,28.7,56.4,,,59,53.8,1.8,5.7,0.9,,,0.2,0.1,0.2,0,0,
Algeria,2014,24.2,31.7,16.7,47.2,40.8,32.8,26.1,50.5,15.1,24.5,81.3,50.2,68.5,44.1,25.5,44.1,29.1,,59.2,,,30.6,31.4,44.1,2.7,1.6,3.7,1.2,,0,32.2,18.4,36,6.8,25.5,5.3,45.9,6.9,31.7,72.4,32.4,29.7,50.1,2.7,36.2,23.5,43.8,3.3,,33.4,50,,0.2,51.6,69.6,42.7,,17.2,20.5,32.5,17.1,,,3,19,18.5,36.5,,2.8,1,12.1,4.3,18.5,3.7,18.2,,19.5,5.5,2.5,0.4,,10.1,9.1,32.4,61.4,3.5,,3.4,,20.5,0.7,0,4.3,48.8,14,19.7,4.9,1.2,31.5,31.8,4,13.4,,2.7,,0,12.5,0.5,2.5,1.2,46
Nigeria,2014,27.8,28.6,27,44,31.8,15.4,14.2,52.7,29.9,13.9,83.5,47.4,74.5,29.5,12.2,24.9,,,24.6,,25.4,9.8,9.8,,,1.9,1,4.7,,0,21.8,19.4,19.9,17.2,22.2,18.4,25,0.7,33.3,33.1,20.9,12.8,39.2,0.6,43.9,32.8,87.5,5.5,5.5,25.7,56.7,12.4,1.3,73.1,62.7,65.2,,21.3,28.8,,28.4,,,29.5,20.2,38.2,48.3,1.3,3.6,0.7,14.8,9.2,5.3,14.1,27.7,,21.1,5.4,,0.7,,5,10.6,33,75.1,6,8.9,0,,24.8,,0.3,0.4,49.2,32.8,55.2,,,59.8,50.5,20.4,,76.7,0.2,,2.3,0.6,0.7,1.7,0.1,0
Cameroon,2014,27.5,30.6,24.5,46.8,44.5,51.6,16.8,53.3,24.4,18.3,85.3,42.6,76.9,16.3,17.9,29.9,19.7,20.9,34.4,,59.2,22.7,11.4,36.3,6.9,1,2.1,,,0,20,13.3,18.7,1.9,30.1,2.6,20.5,1.4,36.5,22,26.1,27.9,36.7,1.4,45,21.4,50,3.5,10.8,43.3,43.3,,,70.3,57.9,62.2,,23.3,28.1,,26.8,,,30.9,30.9,34,41.8,,,5.9,10.7,6.1,,5.4,18.4,,21.8,9.3,,1.9,,17.7,8.2,29.1,66.5,,5.2,1.5,5.8,27.1,1.3,,11.1,48.1,27.1,47,,,50.3,43.7,10.9,,0,,16.4,,3.3,0.4,9.5,0.1,
Burkina Faso,2014,28.2,32.9,23.5,56.5,50.3,50.6,24,67.6,45.7,34.5,95,51.6,73.3,27.6,14.9,21.4,21.7,16.2,14.5,,45,21.8,3.8,34.2,14.9,1.6,0.6,4.3,,0,21.5,16.3,18.7,1.3,29.4,15.8,21,,28.2,17.3,27.3,,40.5,0.8,40.4,23.7,43.8,5.9,21.4,27.1,36.7,,7.9,70.5,69.6,56.5,,31,21.5,,27.3,,,9.8,50.3,37.3,30.8,76.3,,,21.2,0.1,14.3,47.1,12.6,,23.1,4.2,0.5,1.6,1.3,13.7,6.9,36.7,71.5,1,,2.7,,28.4,4.6,0.4,39.6,48.8,23.9,46.3,,,51.8,40.8,2.7,5.6,3.5,,,0.9,0.1,0,0.1,0,
Malawi,2014,27.6,33,22.2,54.2,55,65.5,27.6,58.7,30.1,39.7,82.6,48.8,60.9,16.5,11.7,31.6,37.4,35.8,36.9,,1,2.8,0,,5.7,0.5,1.1,,,0,24.1,10.3,17.2,2.6,21.6,0,34.3,,47.6,27.6,27.6,,40.1,2.8,39.6,17.7,43.8,5.4,4.1,29.3,53.3,10.2,,71.8,78.2,54.5,,35.3,40.8,,57.7,,,6.9,41.3,35,44.5,,,,23.8,0.6,56,7.5,19.3,,24.7,19.9,,,,30.4,9.3,27.4,62,0,,3.1,9.9,26.9,,3.7,4.9,49.5,19.8,33.2,9.9,,45.8,43.8,11.6,2.3,,,25,2.7,1.1,0.2,3,0,
Mozambique,2014,28.5,36.4,20.6,49.2,56.6,74.1,23.8,37,36.8,29.9,40.7,54.1,80.7,17.5,20.5,50.2,34.6,100,28.2,,25.4,7.6,4.1,12.4,1.7,3.6,0.5,10.4,,0,27.5,17.2,16.9,2.3,36.6,13.2,49.5,3.4,27,83.7,15.9,7.8,30,3.8,49.9,17.3,43.8,6.9,1.1,60,60,,,72.3,83.2,53.3,,35,15.6,,23.4,,,0,57.5,37.8,40.5,100,26.3,,31.8,4,5.3,21.4,82.7,,26.9,4.2,6.2,,1,7,5.6,51.9,76.1,,,3.7,,24.6,10.2,5.9,9.3,48.8,14.3,27.4,11.7,1.4,43.8,39.7,1.3,3.3,0.6,,,0.6,1.2,0.1,3.5,0.1,
Madagascar,2014,25.5,31.4,19.6,55.1,45,51.8,11.9,59.6,33.7,21.9,91.5,60.8,95,12.4,14.5,21.8,15.8,5.6,34.1,,41.2,20.6,3.4,35.2,8.7,1,0.9,2.1,,0,22.4,12.5,14.8,0.7,32,2.6,36.6,,44,32.8,18,,26.7,0.6,41.8,9.7,18.8,2.1,8.3,41,56.7,,9.7,74.6,78.4,64.2,,23.3,14.2,3.7,30.7,,,2.4,26.2,37.8,33.2,13.5,,,29.4,7.9,11.4,36.4,51.3,,16.7,5.8,1,2.8,,13.3,6,22,51.6,0.3,,4.4,1.8,22.4,45.6,0.2,21.3,,22.5,36.7,36.6,2.5,46,44.7,15.7,,,,27.8,3.6,0.7,0.2,2,0.1,
Zimbabwe,2014,24.3,27.2,21.5,26.7,39,46.4,8.6,0.7,1.1,1.9,0,40.4,49.2,13.8,12.4,14.1,14.1,,,,,22.2,5.3,40.8,1.8,0.9,1.8,,,0,22.8,18.5,25.4,15.9,30.1,2.6,28.1,3.4,37.3,35.8,21.7,0,49.5,9.3,46.4,21.9,50,13.4,2.5,41.3,43.3,63.9,,75.8,,64.2,,27.7,25.2,10.4,38.1,,,29.1,40,34.7,32.7,,100,0,17.9,8.3,25.6,3.6,29.4,,17.4,14.5,,7.9,2.1,52.3,8.2,35.8,49.1,,39.9,5,,2,4.5,1.3,0,,25.5,46.3,,,49.2,43.3,8.6,,,,,8.6,0.8,0.5,1.8,0.1,
Benin,2014,24.2,30.3,18.1,53.4,57.2,73.3,26.6,63.2,38.5,28.8,92.7,39.7,63.8,19.2,18.1,36.5,37.4,25.5,39,,51.9,17.2,11.8,19.8,,0.5,1,,,0,18.3,13.1,23.6,1.4,19.6,7.9,22.9,0,49.2,21.2,19,14.7,32.4,0.8,36.5,26.4,43.8,6.5,29,33.3,33.3,,,49.7,47.2,62.3,,25.2,24.7,,29.9,,,14.5,22.7,28,31.3,,,0,28.1,4.6,,48.7,19.2,,15,9.9,,2.3,,22.2,5.1,4.7,,,,4.7,,30.6,0,,27.6,47.4,21.2,42.2,,,49.2,35.2,0,0,,,,,0.5,0.7,0.9,0,
Zambia,2014,25.8,28.7,22.8,50.7,60.1,80.7,27.5,25.5,37.6,35.3,14.5,66.6,88.3,39.3,3.6,4.6,4.6,,,,,,,,,2.6,0.4,7.5,,0,20.4,15,21.2,4.8,31.4,2.6,25.3,4.1,26.6,35.3,21,9,41.7,3.3,47,30.4,87.5,3.4,0.3,29,53.3,8.3,,81.6,90.5,70.5,,22,15.4,11.6,35.6,0.2,2.2,10.9,29.8,42.5,51.5,2,29.1,,20.7,2,11.7,3.7,56.2,,24.3,6,1.7,1.5,,13.3,7.7,38.7,71.2,9,,3.5,,28.2,,9.6,4.6,49.3,21.2,39.1,10.4,,56,51,6.6,16.6,,,,1.6,0.1,0.2,0.1,0.1,
Guinea,2014,20.2,25.1,15.4,42.6,37.6,34.3,6.9,57.3,22.2,6.8,100,33,64.3,18.7,7.7,16.2,13.8,7.5,22.7,,25.3,7,9.3,,4.6,0,,,,0,16.5,4.4,17.1,0.5,0,0,26,,34.5,21.7,19.2,,28,1.6,32.5,13.9,37.5,1.5,2.6,26.7,26.7,,,56.9,57.9,51,,26.3,9.9,0,22.2,,,5,27.2,19.8,36.2,,,16.7,41.9,1.1,,12.1,92.1,,12.5,3.2,,2.7,,3.9,3,3,,1.5,,4.6,,31.2,1.5,,25.8,48.8,18.2,34.7,,,38,31.3,3.4,1,5.7,,,,0.1,0.1,0.3,0,
Togo,2014,17.6,28.3,7,47.9,44.2,55.4,5.5,56.7,26.5,21.1,89.7,43,51.5,29.2,14.5,32.9,30.6,14.6,47.2,,45.2,8.4,9.7,,7.1,2.1,0.8,5.5,,0,15.4,9.5,,,13.7,5.3,21.9,0,38.5,24.5,14.7,8,27.9,1.9,42.7,41.5,43.8,8.8,72,36.7,36.7,,,49.8,60.9,,,21.1,28.6,,37.2,,,11.5,14.9,,,14.9,,,19.7,3.3,14.4,34.4,18.5,,13.4,4.8,,0,,11.9,2.6,2.5,,0.8,,4.2,,32.8,0.2,0.2,63,50.2,0.6,,,,,,0.9,0.5,,,,1.1,0.3,0.8,0,0.1,
Niger (the),2014,24.3,32.3,16.2,49.6,45.3,37,22.1,62.6,32.9,26.1,95.7,40.8,52.8,15.8,11.8,26.8,28,55.3,0,,20.8,8.7,1,3.2,27.3,0,0,,,0,28.8,9.2,16.5,0.7,19.6,0,52.3,,42.9,57,24.9,,36.3,2,43.2,16.1,43.8,3.5,1.1,33.3,33.3,,,80.3,65.8,,,28.3,28.4,,42.3,,,0.5,17.4,,,,,17.4,39.1,3.4,14.5,36.8,83.9,,31.3,5.9,,4.3,,8.5,4.8,66.9,100,,,0.8,,21,0,0.8,11.2,46.4,1.1,,,,,,1.5,0.3,5.1,,,0.3,0.8,2,0.2,0,
Burundi,2014,22.4,30.6,14.2,45.5,30.6,24.5,5.3,52.1,23.8,16.4,84.2,53.9,93.3,8.1,17.5,36.4,41.3,36.2,32.4,,35.2,15.3,2.4,13.7,31.2,0.9,0.3,2.5,,0,16.1,7.5,,,15,0,15,,0,22.5,25.8,,25.8,,47.3,15.2,25,5,15.7,63.3,63.3,,,63.3,76.7,38.2,,26.7,18.5,,23.6,,,8.3,36.7,25.3,29.2,51.1,,34.5,24.9,4.4,39,32.9,12.9,,12.3,2.8,,,,3.9,1.6,,,,,,,21.8,0,0.6,10.9,48.8,16.2,29.7,,,31.8,27.5,4.2,4.9,,,,3.9,1.1,0,3.3,0,
Seychelles,2014,38.6,44.5,32.7,67,68.6,84.2,50.9,66,40.7,45.3,89,66.2,74.2,41.2,21.6,32.4,22.9,4.1,42.7,,87.1,29.7,0.6,44.2,,2.7,1.4,6.7,,0,49.6,31.9,61,25.2,33.3,7.9,61.3,,,61.3,55.6,,55.6,,41.7,16,25,7,,56.7,56.7,,,52.6,0,59.8,,42.4,47.9,45.2,,,,53.3,51.3,40.3,48,,,68.7,28.1,3.3,,0.7,68,,22.4,25.9,,49.3,,25.5,2.9,8.9,,,,8.9,,32.4,21.4,,10.4,48.8,43,38.1,16.1,,52.8,45.5,,,,,,,52.6,100,56.2,1.6,
Cabo Verde,2014,30.1,38.9,21.3,59.6,71.3,84.9,43.5,55.7,49.9,59.6,56.7,51.9,85.6,0,17.9,39.6,34.9,13.4,54.1,,72.6,13,20.3,,5.6,1.2,2.4,1.4,,0,39.3,30.8,34.6,21.2,43.8,23.7,56.5,,,56.5,30.4,,44.1,3.1,47.3,34.2,50,18.4,,40,40,,,67.6,64,55.3,,30.3,26.3,,26.2,,,26.4,37.4,36.8,37.7,,,,27.4,0.2,39.7,31.7,24.2,,14.6,6.8,,,,13.6,0,9.5,,,,9.5,,27.7,0,0,40.4,48.9,27.9,52.3,,,54.5,50,0.9,0.9,,,,,6.3,0.7,16.9,1.1,
Gambia,2014,29,32.9,25.1,45.8,49.3,65.8,27.2,50.5,42.8,31.4,63.8,37.7,60.8,29.4,15.5,21.4,26.9,11.4,25.7,,,24.1,3.7,34.3,,1,0.2,2.8,,0,22.5,15.2,24.2,4.6,32,0,23,,33.7,17.7,29.3,,29.3,,47.4,45,31.3,3.7,100,26.7,26.7,,,70.7,55.9,63.5,,33.3,27.2,,28.3,,,25,35.8,44.2,47.2,20.3,,,36.9,,10.1,71.2,29.4,,29.4,26.1,,,,42.8,9.3,12.3,,,,1.8,22.7,49.8,,0,99.5,,20.9,40,6.2,,59.2,54.5,0.2,,,,0,0.4,3.6,0.2,10.5,0.1,
Lesotho,2014,27,38.6,15.5,59.8,58.1,71.9,30.7,61.3,34.8,38.5,85.9,60,81.7,30.3,25.5,63.5,100,57.7,39.6,,49.7,13,10.3,19.6,2.5,0,0.1,0,,0,28.8,15,22.6,4.8,30.1,2.6,50.5,,25,63.2,20.8,,20.8,,47.5,21.1,37.5,4.8,,50,50,,,71.4,62.4,62,,31.3,49.3,,66.8,,,14.4,24.8,28.7,43.3,4.4,,,19.8,8.7,,10.5,34.6,,14.6,4.5,,,,7.5,1.4,5.1,,9.9,,0.3,,34.3,,,5.2,48.9,16.3,31.5,,,34,29,0.4,0.4,,,,,1.8,0.2,5,0.1,
Angola,2014,23.8,26.2,21.4,39.1,44,56.4,13.5,35.5,23.3,11.3,53.8,37.8,56.5,0,13.8,33.5,22.1,,40.8,,41.8,6.8,6.8,,,0.9,1.3,1.4,,0,17.5,15.1,18.3,6.2,33.3,2.6,12.2,1.3,26.6,10.4,25.3,34.4,28.7,0.2,42.9,16.8,43.8,6.4,0.1,53.3,53.3,,,58.6,73.7,30.3,,17.8,22.2,,30,,,6.6,25.1,19.7,34.8,,11,,6,0.1,,15,0,,24.8,0.7,,0.3,,0,1.8,47.1,70.5,,,0.4,,26.6,5.1,,0.6,50.2,18.1,35.1,,,37.8,32.3,1.9,1.9,,,,,0.3,0.1,0.4,0.5,
Sudan,2014,12.7,23.2,2.1,36.4,14,10.2,1.9,37.5,9.3,13.1,63.8,57.8,73.7,35.2,7.6,11.9,11.9,,,,,,,,,3.3,3.2,6.6,,0,18.3,18,26.2,12.6,25.5,7.9,17.1,0.9,19.4,24,19.7,24.6,24.6,0.3,38.9,9.7,25,2.8,1.3,33.3,33.3,,,73.8,48,,,14.8,14.6,,,3,39.8,0.9,10.7,,,,10.7,,19,0.4,29,4.8,32.6,,2.4,2.6,0.1,0.7,,4.2,5.5,0.7,0,,,2,,3.8,5.1,0.2,6,,1.9,2.7,3.9,0.4,,,1.9,0.3,,,,2.6,0.2,0.2,0.3,0.1,
South Africa,2015,37.4,45.2,29.7,71.6,57.9,62.7,53.1,76.1,58.7,51,97.4,80.9,89.4,64.5,27.4,42.1,47.8,20.3,55,,48.8,17.1,16.3,,17.8,22.9,4.8,17.8,,46,33.9,36.9,48.2,27.5,38.6,33.3,34.6,25.2,64.8,24.3,30.1,16.8,53.5,10.2,59.1,37.1,60,51.1,0.1,60.4,67.5,98.9,2.3,79.8,85.2,74.4,,34,37.7,42.5,44.1,9.7,50.6,30.3,30.4,58.1,52.7,16.5,10.6,5.3,33.9,50.1,38.3,9.4,45.8,,28.3,15.5,7,5.1,,23.1,26.8,45.6,74.8,43.4,29,10.6,40.7,23.7,10.2,9.8,6.2,46.3,31.1,43.6,16,,59,55.8,21.4,,2.7,9.6,38.5,19.4,16,3.8,11.8,2.6,45.9
Tunisia,2015,33.5,39.1,27.9,59.5,41.5,41.6,41.4,66.2,38.6,42.3,91.9,70.8,83.6,54.7,36.7,46.7,47.7,23.8,62.2,24.1,82.2,52.5,29.7,89.1,2.2,10.9,16.7,15.9,,,38.4,50,45.6,25.9,63.8,64.7,20.6,8.6,19.9,26.9,44.7,46.4,59,12.9,35,20.5,35,24,2.6,31,55,11.9,,53.4,43.8,62.9,,25.9,31.3,34.6,,,24.6,,21.7,32,41.8,5.4,,4,24.7,1.6,28.7,11.2,45.8,,23.3,13.8,7,0.7,,38.3,9.1,37.6,65.7,10.1,23,14.3,46.8,18.4,15.6,14.2,25.6,,32.5,45.1,,,47,43.2,23.1,,3.9,,9.7,46.2,16.5,3.1,0.3,3.7,59
Morocco,2015,33.2,40.5,25.8,57.6,45.6,51.8,39.4,58.5,43.3,41,74.8,68.8,90.3,38.5,32.6,47,50.5,38.8,41.5,,67.3,41.5,13.3,72.4,8.2,9.2,10.3,17.2,,,45.9,57.8,56.3,25,69.3,80.4,39.2,4.3,,56.7,40.8,48.5,51.9,3,45.1,22.9,40,22.1,6.5,32.1,45.8,33.7,,80.3,88.2,72.4,,21.5,20.4,10.4,28.1,6.3,39.5,,20,37.2,46.3,1.9,5.4,1.2,24.1,5.1,,9.9,47.7,,25.2,7.9,9.8,2.1,,9.2,10.4,37.4,75.8,8.3,17.7,5.8,40.8,30.2,0.6,,44.3,38,26.5,37,29.9,7.4,51.4,44.5,12.2,33.4,3.7,0.6,11.7,,19.9,1.8,0.8,2.9,74.1
Kenya,2015,30.2,33.8,26.6,52.7,32,35.8,28.3,66.6,38.4,27.8,100,59.6,74,33.3,14.7,31.2,50.9,19.9,37.6,,1.6,2.8,2.8,,,10.1,2.7,22.8,,4.9,27.2,38.6,32.9,14.1,42.5,64.7,20.9,0.9,33.2,24.7,22.1,16.6,37,3.2,42.9,33.4,35,9.1,56.1,25,45.8,18,13.8,70.4,63.1,77.6,,31.2,26.6,,49.1,2.4,5.6,,41.3,53.6,53.3,60.2,5.1,3.3,25.8,6.7,41.6,1.8,43.4,,24.2,10,7.7,0.8,9.9,17.1,14.8,31.2,72.6,5.6,15.3,9.7,11.1,31.3,27.8,2.4,56.2,35.1,29.1,48.2,,0.4,63.9,56.3,12.2,,,1.3,27.1,8.7,8,1.3,0.7,0.8,29.2
Mauritius,2015,39.2,47.5,31,80.7,76.2,87.3,65.1,83.5,72.8,71.6,94.8,82.4,92.5,62.8,23.1,43.8,28,17.2,68.6,,79.1,23.5,34.9,,12.2,2,2.1,4,,,40.5,48.3,63.2,29.7,47.2,52.9,23.6,11.2,18.1,32.6,49.5,63.2,58.1,4.9,63.7,50,65,34.9,,54,65,38.1,100,87,97.3,76.7,,29.5,24.6,33.7,29.3,,0.3,21.6,35.8,36.5,54.8,8,65.6,23,28,5.6,14.5,35.2,45.5,,27.2,3.5,0.5,,,6.5,3.5,27.6,,49.1,,20.5,13.2,50.5,8.6,0.4,43.2,100,34.8,44.8,18.7,,58.9,56.9,41,0.8,100,,51.6,20.9,8.5,14.9,3.4,7.3,
Trinidad and Tobago,2015,32.2,38.8,25.6,63,58.8,66.7,50.8,61.6,54.3,41.7,75.2,68.8,88.3,49,28.8,46.3,,,46.3,,,39.7,9.6,62.2,24.6,0.4,,0.8,,,28.4,41,63.6,36,33.1,31.4,20.2,35.3,,12.6,24,6.5,52.3,2.2,43.5,24.6,65,8.9,0,38.8,57.5,39.8,,67,64.7,69.2,,30.3,31,45,32.5,0,,,31.6,35.6,42.6,,,5.4,28.4,9.9,13.8,25,55.6,,24.4,3.8,,0.2,,5.2,5.9,42.4,66.2,,,2.5,34.8,27,0.5,0.1,,67.1,26.7,46,,,44.6,47.4,9.2,,,,16.4,1.9,5.8,5.3,1.8,10.3,
Egypt,2015,28.9,34.4,23.4,39.5,20.7,24.1,17.3,36.6,29.3,31.6,42.8,61,88.1,36.2,27.9,50.7,28.6,,54.8,,86.6,16.5,25.3,,7.8,16.4,5.5,15.9,,27.9,37.2,48.4,50.9,28.7,59.1,54.9,19.7,10.5,41,13.7,43.5,44,61.1,7.2,35.9,19.5,50,7.8,0.6,27,44.2,13.4,,61.3,71.8,50.8,,31.6,37.3,60.9,24.1,,,16.2,30.2,23.8,54.5,,17.9,0.3,27.5,17.5,21.2,21.1,45.2,,21.7,8.5,5.2,0.6,,13.5,14.7,30.4,50.2,,15.9,4.8,30.9,26.3,29.3,0.6,30.5,35.5,25.1,37.4,,0.4,46.1,47.1,8.7,,2.4,0.8,8.5,16,16.8,1.5,0.1,3.2,62.6
Botswana,2015,30.5,39.6,21.4,69,69.6,90.3,48.9,68.6,65.3,63.4,72.9,68.8,71.7,57.2,23.4,56,73,34.5,47.8,,81.5,8.1,14.8,,1.4,6.2,,12.4,,,34.8,33.3,40.6,30.3,30.7,31.4,30.1,0.6,16.9,51.4,41,53.9,47.6,2.2,43.9,32.1,55,9.2,,29.6,49.2,19.3,,70,77.6,62.4,,27,36,29.4,64,2.4,,27,27.1,35.7,38.7,,22.2,,17.9,4.8,5.8,10.9,43.6,,20,4.3,1.8,,1.4,11.3,5.4,41.2,,81.6,,0.8,,14.4,0.5,1.4,0.6,34.9,22.7,41.5,,,44.3,38.8,6.1,,,,,6.1,1.8,1.5,2.2,1.7,
Rwanda,2015,30.1,42.3,17.9,63.2,51.7,62.1,41.4,68.2,48.7,43.7,90.2,69.7,81.7,41.8,21.9,41.4,38.9,45.4,32.8,,55.4,24.3,5.3,44.4,3.2,0,0.1,,,,29.9,32.8,24.3,4.9,51.2,51,32.9,,30.5,34.2,23.9,,35.4,0.9,58.4,53.7,90,2.2,69,46.7,46.7,,,74.7,83.8,65.6,,38.3,36.9,5.2,68.6,,,,47.3,44.2,48.9,,,,30.6,1.5,40.4,21.7,44.1,,14.1,9.7,18.5,0.7,11.6,12.3,3.3,3.7,,7.1,,0.3,,29,71.2,0.6,15.1,,21.6,42.6,2.3,,66.7,58.8,0.9,0.6,,,,1.1,0.1,0.2,0.1,0.3,
Senegal,2015,31,34.1,27.8,54.3,45.2,62,28.5,65,46.5,40.4,86.5,52.6,85,41.9,14.3,31.6,42.9,29.5,17.1,,42,5.9,5.9,,,5.6,4.3,12.6,,,27.6,27.7,32.3,12.5,30.7,35.3,27,1.2,23.5,41.7,28.1,28.3,40.8,2.2,46.1,24.1,30,9.6,32.7,45.8,45.8,,,68.3,71.9,64.8,,28.3,8.3,,17,0.1,5.3,2,45,44,38.9,51.7,,,31.7,2.7,5.3,59.2,45.1,,22.4,8.1,,1,,15.8,7.6,26.5,57.6,1.8,16.8,3.4,22,32.6,11.3,0.6,76.8,37.3,33.1,56.6,,,59.9,53.3,9.6,0.2,1.5,,22.8,5,9.7,1.3,0.2,0.3,36.8
United Republic of Tanzania (the),2015,27,30.4,23.6,56.1,41.8,60.4,23.2,66.9,38.7,34.2,97.4,59.6,78.8,41.1,12.9,31.1,47.4,13.8,25.3,,44.8,2.7,2.7,,2.7,5.1,0.4,12,,2.8,23.8,23.8,23.7,2.4,29.9,39.2,27.6,0.5,8.7,50.7,20,12.5,36.2,2.4,33.6,25,25,4.2,45.9,18.4,43.3,3.7,1.8,57.4,59.4,55.3,,25.8,13.4,3.1,36,,,1.9,38.8,39.5,40.3,53.6,5.4,,25.2,0.4,22.6,12.5,52.8,,17.4,9.8,,,,9.9,9.7,38.4,76.2,,,1,,4.2,,1.9,6.4,,29.7,44.9,,,45.7,44.2,28.7,,,,54.9,2.5,0.2,0.2,0.1,0.3,
Namibia,2015,28.1,37.2,19.1,67.9,66.9,87.1,46.6,74.3,49.2,54.3,96.8,62.6,68.7,45.5,18.4,41,65.3,13.2,40,,50,12.7,7.3,,43.3,1.6,,3.1,,,32.4,30.4,39.3,16.7,32.3,33.3,28,3.7,25.3,41.5,38.8,51.4,43.7,3.9,39.9,23.2,55,14.3,0.3,28.2,53.3,6,,68.2,75.8,60.7,,27.3,30.4,23.7,54.2,0.5,26.1,,26.2,41,46.8,1.7,32.1,13.2,25.3,1.9,20.4,14.7,52.7,,8.5,5.5,,1.5,,9.7,5.3,4.2,,5.7,,2.8,,15.8,0,4.8,1.7,36.3,29.7,49.4,,,51.2,47.6,16.1,,,,,16.1,4,10.3,0.1,1.6,
Uganda,2015,27.6,35.2,20.1,54.3,34.5,43.4,25.7,69.3,41.5,38.1,98.7,59,63.4,42.3,18.3,30.5,24.9,22.6,29.4,,59.7,19.9,3.1,15.4,45.7,4.5,0.4,13,,,26.3,14.7,21.8,8.3,15,13.7,37.4,,,37.4,26.8,,39.2,2,38.9,18.4,30,3.6,21.4,24.7,47.5,22.3,6.3,73.6,76.6,70.7,,38,17.8,5.7,40.8,5.6,18,7.9,55.1,44.7,42.1,73.3,,,41.3,6.9,25.6,63.2,52.2,,22.4,7.3,0.9,0.6,,17,10.6,33.9,63,7.7,,2,,26,27.1,0.6,28.2,36.9,17.9,33.6,4.2,,50.2,46.3,0.8,0.3,,,,1.1,3.5,0.3,0.1,0.3,13.4
Cote d'Ivoire,2015,27.2,28.6,25.7,47.7,25.8,38.2,13.4,57.8,28.4,22.8,90,59.6,91.2,45,16,34.7,35.1,,23.8,,55.7,12.9,7.2,,18.7,0.4,0.8,,,,19.8,17.1,31.9,1.6,17.3,17.6,19.6,1.8,30.6,23.1,22.7,16.1,39.7,1.7,35.3,12.3,30,4.6,2.3,25.8,42.5,17.7,,67.7,76.2,59.2,,24,20.7,,20.7,,,,28.6,39,37.6,,,,22.9,4.5,12.4,21.8,43.5,,26.8,3.7,3.2,0.5,,4.4,6.8,58.4,86.6,,,2.1,,18.1,0.3,3.7,14.3,36.2,24.7,48.9,,,49.2,48.6,0.8,,,,,0.8,0.3,0.6,0.2,0.1,
Ghana,2015,28,33.2,22.9,48.3,51.9,64.7,39.1,33.7,49.9,50.5,17.2,59.2,83.7,22.4,23.1,47,62.5,25.5,41.1,,70.8,18.7,9.8,25.9,13.1,3.8,0.4,8.7,,2.3,28.4,33.3,44.7,17.6,31.5,39.2,24.3,2.4,23.8,35.6,27.6,36.2,32.1,1.4,37.5,23.9,65,4.1,2.6,25,58.3,4.9,3.3,63.7,69.9,57.4,,28.7,20.6,13.5,48.4,0,0,,30.8,41,45.5,39.8,4,,34.8,,14.4,,55.1,,25,5.7,,0.2,,9.5,7.5,45.5,87.5,5.9,,1,,23.7,,1.4,,34.9,20.8,37,,0.3,50,42.2,2.4,,,,,2.4,6.7,0.8,0,0.7,25.3
Ethiopia,2015,24.2,28,20.3,46.5,28.5,29.7,27.4,51.1,17.6,31.1,77.9,59.8,63.1,47.2,13.3,15.7,36.2,6.5,8,,8.5,19.4,1.7,28.2,,5,0.5,14.4,,,23.9,23.1,18.7,2.4,45.7,25.5,29.4,0.3,22.1,47.5,19.2,8.3,39.4,0.3,31.9,6.6,15,4.4,0.4,28,41.7,,0.7,61.2,63.7,58.8,,24.6,14.2,5.2,35.1,0.2,0.9,17.7,22.5,41,33.3,2.5,,,37,0.7,35.9,47.9,45.2,,17.3,8.8,,,,10.1,7.5,33.6,75.8,0.2,,0.8,15.6,9.4,0.8,0.4,26.9,,23.3,37.6,,,39.1,36.1,18.1,0.3,,,43.3,1.7,0.1,0,0,0.1,
Mali,2015,28.4,30.4,26.4,45,20.6,22.5,18.7,60,34.5,27.7,88.8,54.5,62.9,40.4,14.7,34.9,36.8,32.2,20.3,,65.7,4,5.8,,2.2,5.3,0.3,15.5,,,19.9,16.5,35.5,1.4,13.4,15.7,30.9,,17.1,37.8,12.4,,18.4,0.3,41.2,14.8,30,6.1,8.4,42.5,42.5,,,66.1,70.5,61.7,,31.1,22.3,,37.9,0.2,13.3,,30.8,36.7,49.2,11,27.6,,40.2,1.9,14.6,76.2,48.9,,24.8,6,,,,7,5,42.5,63.7,,,0.3,,25.8,2.5,0.5,55.4,35.2,28,55.7,,,59.1,52.4,0.3,0.5,0.5,,,0.1,0.1,0.2,0,0.1,
Algeria,2015,24.4,32.1,16.7,45.1,30.2,35.2,25.1,52.2,16.2,29.5,81.6,52.8,74.1,42.7,26.2,45.4,33.1,,57.7,,,32.2,26.5,50,2.3,1.1,1.9,1.3,,,31.4,16.9,44.6,7.3,7.9,7.8,40.1,7.7,24.9,63.9,37.3,42.3,50.1,1.5,36.8,7,10,4,,45,45,,,58.3,69.8,46.7,,20.9,21.5,28.8,18.3,,,12.9,20,21.1,38.6,,1.1,0.5,21.4,5.9,24.7,4.6,42.6,,17.8,4,1.6,0.1,,6,8.3,34.4,62.3,3.5,,2.1,41.9,14.9,0.9,0,5.5,34,15.6,20.6,2.5,,34.5,35.2,8.1,11.5,,1.5,17.9,,13.1,0.6,0.1,2.9,48.7
Nigeria,2015,23.7,26.3,21.1,39.2,13.4,12.7,14.1,54.1,29,16.8,85.3,50,77.1,33.8,11.5,24.5,,,24.1,,25.2,8.3,8.3,,,1.8,0.4,4.9,,,22.9,26.3,25.3,16,30.7,33.3,15.8,0.8,33,14.8,26.5,26.8,39.2,0.4,37.6,21.1,60,2.6,0.8,24.7,57.5,7.3,0.3,67.1,62.9,71.3,,20.3,19.6,,29.4,,0.1,,17.8,29.2,46.2,1.1,,0.6,23.4,8.8,4.3,30,43.2,,19.8,3.2,0.2,,,2.7,9.8,31.2,75,6,,0.2,,25,,0.5,,37.3,22.5,38,9.9,,55.8,48.2,13.8,,42.7,0.3,,6,0.3,0.6,0.1,0.2,
Cameroon,2015,27.8,30.2,25.4,44.5,34.7,51.4,18,49,23.1,19.8,76.5,49.7,76.4,36.4,18.1,29.7,22.5,18.1,33.6,,59.4,24.5,9.6,41.2,5.8,,,,,,19.6,16.4,27.5,2.8,19.7,15.7,15.1,1.4,6.9,26.1,27.4,31.1,36.7,1.4,40.6,17.5,35,3.4,14.2,46.7,46.7,,,57.6,55.5,59.7,,28.2,29.2,,29.2,,,,32.1,39.6,41.9,,,4.8,23.4,2.8,,12.1,45,,18.2,8,,0.1,,16.7,7.1,28.6,62.6,,9.4,1,7.3,18,0.6,,20,25.7,32.6,51.1,,,53.1,49.1,28,66.7,7,,19.2,,0.3,0.2,0.4,0.2,
Burkina Faso,2015,28.7,34.2,23.2,52.4,35.1,45.5,24.7,66.8,43.4,33.6,95.2,55.1,69.1,38.1,15.7,22.2,26.1,14.3,15.9,,43.3,23.3,3.4,38.8,12.3,1.7,0.5,4.5,,,22.6,18.2,24.6,4.5,29.9,13.7,22.4,,24.3,21.4,27.3,,40.5,0.8,42.9,17.9,30,7.2,16.6,45.8,45.8,,,65.1,70.7,59.4,,37.4,24.1,,28.2,,15.7,,50.4,36.1,31.6,76.2,,,37.7,0.2,11.8,72.2,47.8,,21.4,5.1,0.5,,2,14.7,6.3,36.6,71,1,,3.2,,22.5,4.3,0.4,37.7,35,24.9,48.4,,,55,41.8,2.9,,6.8,,,0.9,0.1,0.1,0.1,0,
Malawi,2015,29.7,34,25.4,51.6,42.4,58.6,26.2,59.5,29.7,42.6,82.9,53,68.5,19,11.5,31.9,41,34.7,36,,,2.4,,,4.8,0.3,0.5,,,,23.9,15.7,18.9,3.1,17.3,23.5,28,,33.3,25.4,27.9,,40.1,3.7,39.2,20.8,25,4.7,32.7,25.3,45,10.8,,71.7,77.6,65.8,,43.7,59.4,,59.4,,,,40.1,30.7,44.8,,,,31.6,0.7,52.9,9.8,47.7,,26.7,23.9,,,,39.5,8.3,28.5,63,0.5,,3.5,12.4,27.7,,4.4,19.8,43.4,24.1,42.1,,,42.5,41.6,12.3,2.3,,,26.8,2.8,0.1,0.2,0.1,0.1,
Mozambique,2015,30.1,36.9,23.3,46.8,40.7,57.5,23.9,36.2,36.8,25.1,41.5,63.5,83,40.8,21.1,51.4,38.3,100,26.1,,30.8,8.3,3.8,14,1.2,3.7,0.4,10.7,,,28.5,22.3,22.1,2.4,31.5,33.3,47,3,3.5,90.8,16,7.9,30,4.4,46,13.7,30,8.2,2.8,51.7,51.7,,,72.7,83.4,61.9,,41.9,16.9,,24.7,,,1.4,57.9,38,42.5,100,24.2,,51,2.8,57.8,19.2,100,,29,6.5,,,,8,5.1,53.4,78.3,,,3.6,,27.1,7.4,3.5,6.4,58.9,17.6,33.7,,1.4,44.1,39.4,2.9,7.4,,,,0.6,0.1,0.1,0.1,0.2,
Madagascar,2015,24.4,30.7,18.2,52,28.8,46.5,11,59.2,30,23.8,91.6,68.1,92,34.4,15.3,22.5,20.8,4.1,33.3,,41.2,22.5,2.8,40,7.3,0.9,0.5,2.2,,,17.3,19.4,16.8,0.9,24.4,35.3,14.5,,11.3,16.1,18,,26.7,0.5,41.8,6.5,5,2.4,12.2,53.3,53.3,,,65.6,67.9,63.3,,26.9,8.2,4.8,12.3,,,6.7,25.3,37.6,31.1,13.3,,,47.2,20.1,10.4,87.3,57.3,,14.2,3.8,0.8,0.7,,8.2,5.3,20,46.7,0.3,,2.9,3.4,19,29.1,0.3,27.6,,22.1,35.1,28.1,1.3,47.3,47,18,,,,32.5,3.6,0.1,0.2,0.1,0.1,
Zimbabwe,2015,22.5,26.6,18.4,25.9,28.9,47.1,10.6,1.5,,5.9,,47.4,51.4,29.3,19,31.9,14.8,,36.7,,56.4,24.6,4.3,46.3,1.5,0.5,1.1,,,,20.8,31.6,31.2,19.2,30.7,45.1,9.1,3.4,9.1,12,21.8,,49.5,9.7,40.7,20.5,40,,1,36,53.3,58.4,4.4,65.6,,65.6,,26.7,23.4,10.1,36.7,,,,24.6,30.4,32.4,,27.8,,32,9.8,27.6,,47.5,,12.3,9.5,,1.4,,19.9,7.4,23.9,27.8,,31.2,9,,3.6,5.4,1.7,,,24.5,44,,,47.1,40.9,9.6,,,,,9.6,0.4,0.5,0.1,0.6,
Benin,2015,,,,,,,,,,,,,,,,,,,,,,,,,,,,,,,,,,,,,,,,,,,,,,,,,,,,,,,,,,,,,,,,,,,,,,,,,,,,,,,,,,,,,,,,,,,,,,,,,,,,,,,,,,,,,,,
Zambia,2015,24.6,29.3,20,48.8,51.2,73.8,28.5,26.6,35.4,39.5,15.7,68.7,88.6,43,6.3,9.9,9.9,,,,,,,,,2.8,0.5,7.8,,,23.6,16,26.8,5.4,14.2,17.6,30.6,4.3,15.4,51.3,24.2,17.4,41.7,2.9,45,24.7,70,4,0.1,29.1,54.2,7.2,,81.1,85.7,76.6,,22.6,15.4,11.2,32.7,0.2,4.2,,31,41.4,51.9,1.8,37.3,,21.4,0.2,11.9,4.7,58,,21.6,4.7,0.8,,,6.5,6.7,38,70.7,9,,1.7,,22.1,,2.5,6.5,39.7,18.4,35.9,2.7,,55.7,49.2,1.9,,,,,1.9,0.1,0.1,0,0.3,
Guinea,2015,18.5,22.9,14.1,39.3,19.8,33.9,5.7,57.7,21,9.8,100,40.4,55.4,37.6,7.6,16.9,18.7,5.9,22.1,,25.1,5.9,7.9,,3.9,,,,,,12.5,6.3,22.8,0.5,,2,12,,15.5,10.3,19.2,,28,1.6,35.4,11.5,30,1.5,3,39.2,39.2,,,55.7,58.1,53.3,,19.7,11.7,,23.4,,,,25.3,19.7,33.8,,,14,22.2,0.7,,13.4,41.8,,10.2,3.7,,,,4.8,2.6,1.2,,1.5,,0.8,,25.8,1.4,,32,34.9,17.9,32.2,,,35.9,28.6,7.1,10.9,3.2,,,,0.1,0.1,0.1,0,
Togo,2015,18.4,29.6,7.2,47.1,29,53.6,4.3,55.8,22.5,20.8,89.9,56.7,76.1,43.1,13.6,32,30.6,12.8,46,,45.3,7,8,,6,1.8,0.4,5,,,13.8,10.4,,,11,9.8,15.7,,8,27.3,15.3,9.5,27.9,1.6,45.6,29.8,30,9.3,50.2,45.8,45.8,,,61,61,,,28.2,36.4,,36.4,,,,15.2,,,15.2,,,32.9,3.1,5,63.6,45,,13.9,6,,,,9.8,2.2,2.2,,0.8,,3.6,,33.6,0.2,0.2,63.1,52.2,0.5,,,,,,0.7,,,,,0.7,0.3,0.8,,0.1,
Niger (the),2015,21.2,32.9,9.6,45.1,27.2,32.1,22.3,58.9,31.6,27.8,88.1,49.2,54.4,36,11.7,27.3,33.9,51.4,,,20.5,7.8,0.8,3.7,23.1,0,0,,,,32.7,14.1,19.5,0.9,12.6,23.5,59.2,,11.8,82.9,24.8,,36.3,1.9,40.4,12.8,30,3.2,5.1,42.5,42.5,,,66,66,,,34.4,37.9,,37.9,,,,12.9,,,,,12.9,52.5,3.2,23.1,100,59.1,,18.4,4.8,,0.7,,9.6,4.1,34,67.4,,,1.4,,16.3,0,0.6,10.9,34.9,0.8,,,,,,1.1,,2.9,,,0.2,0.4,1.3,0,,
Burundi,2015,21,31,11.1,46.4,22.2,32.1,12.3,53.2,24.6,19.4,84.3,63.9,94.3,30.6,17.3,35.9,44.6,34.5,31.6,,29.4,14.9,2,15.6,26.4,1.3,,2.6,,,17.7,3.7,,,1.6,5.9,23.5,,20.6,24.9,25.8,,25.8,,42.7,13.3,10,4.5,25.5,51.7,51.7,,,63.1,77.6,48.6,,30.7,24.7,,24.7,,,,36.2,29.8,28.9,51,,27.7,31.2,0.1,36.5,,41.5,,7.2,2.6,,,,3.7,1.4,1.3,,,,,2.6,17.7,0.2,0.7,,34.9,15.1,26.4,,,29,23.9,7.4,,,,10.8,4,0.1,0.1,0.1,0,
Seychelles,2015,36.4,43.7,29.2,68.7,67.3,85.7,49,68.3,40,48.8,92.3,70.4,77.5,52.2,24.2,36.2,27.6,2.1,53.7,,86.4,33.6,0.5,50.1,,2.9,1.7,6.9,,,46.1,37.6,64.6,27.4,33.1,25.5,60.3,,,60.3,40.4,,55.6,10.2,31.1,7.9,10,5.8,,58.3,58.3,,,26.9,,53.9,,48.4,43.9,43.9,,,,,52.7,40,48.1,,,74.5,48.4,4.2,,,70.5,,18.3,16.1,,25.3,,20.4,2.7,8,,,,8,,30.6,21.6,,23.4,38.9,40.2,38.5,24.9,,47.6,42.9,,,,,,,43.6,100,27.3,3.5,
Cabo Verde,2015,28.6,37.1,20.1,57.6,64.4,84.1,44.8,55,44.6,60.5,57.4,53.4,87,,17.5,40.4,38.6,12,54.4,,73.3,11.5,19,,4,0.7,0.5,1.4,,,41,25.2,45.5,29,16.5,9.8,67.7,,,67.7,30.2,,44.1,2.4,41.9,29.9,40,19.8,,35,35,,,60.9,64.1,57.6,,27.6,17.4,,17.4,,,,38.6,37,39.4,,,,26.8,0.3,7.3,40.9,45.3,,12.8,6,,,,12.1,,7,,,,7,,25.3,,0,47.2,39.8,27.3,53.1,,,56.4,49.7,1.1,2.3,,,,,1.9,2.6,1,2.2,
Gambia,2015,27.5,31,23.9,47.2,42.5,63,22,49.7,38,32,64.3,49.4,68.4,41.5,11.2,21.2,31.1,9.9,22.6,,,,,,,1.1,0.3,2.9,,,23.4,20.3,33.9,5.1,20.5,21.6,20.6,,4.5,28.7,29.3,,29.3,,36,8.8,20,3.6,2.9,39.2,39.2,,,60.1,56,64.2,,37.4,29.3,,29.3,,,,34.3,38.9,46.1,20.1,,,48.5,,3.6,95.1,46.8,,29.3,24.7,,,15.6,59.9,7.8,13.1,,,,2,24.2,50,,0.1,100,,18.6,36.9,9,,52.7,49,0.3,,,,,0.6,0.4,0.1,0.6,0.3,
Lesotho,2015,27,35.9,18,59.3,51.6,72.2,31.1,62.9,38.5,40.7,86.2,63.4,82.8,37.5,25.6,63,100,57,38.6,,49.8,13.8,8.6,22.2,2.1,,,,,,26.8,16.3,30.2,5.5,15.8,13.7,43.3,,10.8,59.5,20.8,,20.8,,41.1,15.1,25,5.2,,49.2,49.2,,,59.1,55.3,62.9,,26.8,25.6,10.3,51.6,,4.4,,28,36.7,47.5,4.2,,,26.9,7.8,,18.2,45.1,,12.2,3.6,,,,6.2,1.1,5.1,,9.8,,0.4,,27.9,,,3.5,40.2,23.8,35.6,,,38.3,32.8,,,,,,,0.2,0.2,0.2,0.2,
Angola,2015,26.2,25.9,26.5,35.2,31.2,55,7.5,35.5,19.8,13.6,54.4,39,56.6,,13.7,34.9,26.4,,39.8,,41.8,5.8,5.8,,,0.3,0.6,,,,21.1,22.3,25.2,10.6,29.9,23.5,12.3,1.3,19.5,14.3,28.7,42.7,28.7,0.5,35.3,3.8,5,6.3,0.1,51.7,51.7,,,50.3,73.9,26.7,,24.3,26.5,,26.5,,,,23.2,16.9,26.3,,,,23.2,0.1,,24.5,33.5,,30.8,0.6,,0.1,,0,1.6,43.6,65.1,,,0.7,,48.2,4.7,,,69.9,22.2,33.2,,,38.8,27.6,,,,,,,0.1,0,0,0.4,
Sudan,2015,15,21.9,8,32.5,4.9,9.7,,38.1,9.4,14.3,64.4,54.5,74.7,26.5,15.1,17.2,16.8,,10.6,,31.1,24.7,14.1,30,,3.4,,6.8,,,19.7,26.9,34.6,16.5,29.1,27.4,10.3,0.9,,20.2,21.8,29.5,24.6,0.7,28.6,5.9,15,1.9,0.8,31.7,31.7,,,48.1,48.1,,,13.7,2.9,,,2.9,,,,,,,,,24.4,,32.9,4.7,47.8,,14.7,2.6,,0.3,,2.7,4.9,38.8,57.5,,,1.4,,2.7,4.7,0.2,3.3,,1.3,1.6,1.9,1.1,,,1.8,,,,,1.8,0.1,0.1,0,0.3,
South Africa,2016,35.8,46.1,25.6,69.1,54.6,61,48.2,74.6,52.7,51.1,97.4,78.1,81.2,64.3,33.1,44.4,58.1,21.1,52.4,,47.5,27.4,17.2,35.5,21.2,27.7,4.8,16.2,43.3,46.6,37.4,39.7,53.1,33.7,38.6,33.3,38.6,24.4,64.4,32.9,33.8,9.3,70.5,9.6,58.7,39.9,60,59.5,0.1,66,71.7,100,80.3,70.3,74.8,72.5,66.9,32.2,36.4,39,44.1,9.3,49.6,29.9,31.7,58.1,53.6,16.7,11.8,11.3,28.6,44.8,37.8,16.8,26.3,25.4,24.7,15.7,6.3,6,,23.3,27.1,35.4,48.6,37.9,26.2,11.1,40,22.9,4.8,9.3,5.5,47.5,26.5,38.2,15.6,5.7,59.2,56.1,24.7,7,3.6,8.1,56.1,21.1,4.8,3.5,10.2,2.7,3
Tunisia,2016,30.6,38.1,23,58.3,37.6,39.6,35.5,66,36.1,44.2,91.9,71.2,83.6,54.5,38,51,60,29.2,62,24.1,81.2,55.1,30.9,90,9.5,7.9,16.8,15,0,0,41.6,53,50,33.7,63.8,64.7,24.7,8.6,18.9,35.7,47.1,36.2,77.3,8.3,29,22.4,35,29.2,3.1,24.4,50,8.4,2.4,40,0,62.5,48.8,23.7,31.4,32.8,33.6,,24.1,,20.2,32,38.8,5.6,,0.2,19.4,1.7,30.9,7.9,28.4,,19.9,14.8,6.4,0.8,,43.4,8.7,33.1,55.3,8.8,21.3,11.7,46.1,11.9,4.9,12.5,18.4,,26.1,38.1,,6.9,51.2,40.6,24.4,,5.3,,12.9,45.5,3.6,2.9,0.2,3.7,7.8
Morocco,2016,32.3,38.9,25.6,57.5,44.1,53,35.2,60,44.5,45.7,74.9,68.3,92.1,33.9,32.3,47.4,50.1,47.7,44.6,,,42.9,21.7,70.1,9.9,6.5,10.2,15.8,0,0,48.6,58.9,56.5,29.5,69.3,80.4,40.1,4.3,,58.1,46.7,40.8,74.2,3.7,38,24.1,40,26,6.4,26.4,50,22,2.4,63.6,74.2,67.1,56.5,18.3,20.8,9.8,30.2,6.2,38.7,,17.6,37.2,40.5,2.2,0.6,0.4,16.4,5.5,,9.4,34.2,11,22.9,6.9,7.7,1.8,,8.7,9.5,35,70,8.9,16.1,6.5,38.5,26.9,0.1,,31.6,38,28.2,49.9,30.5,76.9,58.7,47.1,8.6,6.7,5,0.7,15.2,,4.5,1.7,0.9,2.8,12.3
Kenya,2016,30.4,34.4,26.3,52.7,31,31.3,30.6,68.1,36.4,35.9,100,59,74.5,30.6,13.9,32.6,51.7,24.4,38.1,,0,3,3,,,6.2,2.6,17.4,0,4.6,32.8,39.5,33,17.6,42.5,64.7,28.4,0.9,32.4,40.1,30.7,13,62.5,2.4,41.2,33.5,70,12.2,18.4,36.4,46.7,18.5,,53.6,39.4,76,49.5,31.6,26.4,,49.1,2,5.5,,46.4,53.6,51.3,60.3,,1.4,21.9,28.1,42.8,2.3,25.9,13.6,22.1,9.9,5.5,1,11.1,16,14.3,29,66.5,10.4,10.4,8.8,11.5,27.3,18.3,2.1,46.5,34.7,30.5,49.1,,3,64.8,56.3,23,0,,1.4,59.9,8.5,0.9,1.1,0.7,0.8,0.9
Mauritius,2016,35.9,45.7,26,80.5,75.8,81.2,70.5,82.3,69.5,70,94.8,83.5,92.5,65.9,30,53,45.6,36.5,65.2,,76.6,35.6,34.6,44.1,19.8,1.3,2,3.2,0,0,43.1,49.4,64.8,32.5,47.2,52.9,28.7,11.7,17.1,43.1,51.2,54.2,70.8,6.2,49.5,51.9,65,38.8,,39.1,65,32.1,3.2,57.4,95.5,74.3,29.9,25.6,24,31.9,29.3,,0.3,21.6,26.5,36.5,50.1,8.2,26.3,5.8,26.4,6.6,32.2,22.6,34.5,,22.9,2.9,0.4,,,5.7,2.7,20,,29.8,,19.6,10.7,45.8,1.6,0,27.4,100,29,37.5,19.1,2.2,58.1,53,33.1,3,5.6,,76.4,18.6,7.9,13.5,2.8,7.3,
Trinidad and Tobago,2016,,,,,,,,,,,,,,,,,,,,,,,,,,,,,,,,,,,,,,,,,,,,,,,,,,,,,,,,,,,,,,,,,,,,,,,,,,,,,,,,,,,,,,,,,,,,,,,,,,,,,,,,,,,,,,,
Egypt,2016,26,31.8,20.2,39,19.9,23.5,16.3,36,26.1,32.1,42.9,61.2,88.2,36.4,27.3,50.2,31.2,,51.4,,85.6,19,27,19.9,9.1,12.9,8.1,14.9,0,28.5,38.3,48.1,51.2,27.1,59.1,54.9,24.3,10.4,40.3,23.2,42.5,36.7,66.5,6.3,34.2,19.8,50,8.8,0.6,22.2,45,10.9,8,60.5,48.5,53.9,69.9,20,21.2,57.7,2.4,1.6,10.4,16.2,21.8,23.8,54.5,0.2,19,0.4,16.9,11.9,25.6,11.7,26.5,6.5,18.5,8.3,4.4,0.8,,13.7,14.3,26.5,54.4,0.7,15,4.7,30.1,20.7,11.8,1.1,18.4,36,21.8,34.3,6.8,,50.3,45.7,15.6,,3,0.7,11.1,33.8,3.1,1.3,0,3.2,7.7
Botswana,2016,29,40.9,17,68.3,68.1,88.3,48,67.3,60.6,62.9,72.9,69.4,76.2,54.7,32.6,71.9,100,56.1,51.3,,88.5,24.3,24.4,32.2,8.4,1.7,1.9,4.9,0,0,37,32,42.2,23.7,30.7,31.4,32.9,2.1,15.9,56.9,45.9,43.1,70.7,2,42.8,33.1,55,11.1,,36.9,55,,0.7,58.5,96.9,67.2,35,23.9,31.3,27.9,64,0.8,7.4,27,26.1,35.7,38.6,8.7,,,14.4,3.7,10.2,9.9,30.4,12.4,18.6,2.6,0.5,,0.2,7.5,4.8,38.5,,76,,1.1,,14.8,0.1,0.8,2,35.5,15.3,26.9,5,1.6,48.2,40.1,6.1,,,,,6.1,1.5,1.2,1.7,1.7,
Rwanda,2016,30,43.4,16.5,63.5,50,60.4,39.7,69.7,49.2,49.1,90.2,70.8,83,47.8,24,47.8,46,54.9,39.3,,54.1,24.3,6.2,43,4.8,0,0,,0,0,35.3,33.7,25.4,7.3,51.2,51,38.4,,29.7,42.8,33.7,,50.3,0.3,55.5,83.3,95,,71.6,41.5,53.3,,,41.7,45.4,67.4,26.9,38.7,36.7,4.9,68.6,,,,48.1,44.2,50.1,,,,31.2,1.5,54.2,18.1,36.3,,15.1,3.1,1.4,0.7,0.6,12.8,2.5,4.6,,8.6,,0.7,,37.4,94.5,1.5,16.4,,18,35.5,3.1,0.4,67.5,53.4,0.9,0,,,,1.3,0.2,0.2,0.1,0.2,
Senegal,2016,26.1,31.5,20.8,53.8,43.9,59.7,28.2,64.2,39.3,44.6,86.5,53.2,85.9,43.9,15.4,36.1,52.7,36.2,17,,40.7,6,6,,,4,4.2,11.7,0,0,31.1,28.8,35.1,14.2,30.7,35.3,28.9,1.3,22.6,45.8,35.6,24,63.7,2.7,32.1,21.5,30,11.7,22.8,28.8,38.3,,,46,49.3,65.8,34.5,25,8.8,,18.5,0.1,5.2,2.1,46.9,44,43.4,51.9,,,19.2,0.6,15.6,41.6,29,0,21.3,8.3,4.2,6.1,,16.1,6.7,28.3,61.4,1.7,18.7,3.6,23,27.2,1.5,2.6,57.1,37.5,20.4,35.6,6.6,1.9,60.8,56.2,9.5,14.3,2,,15.7,4.8,0.8,1.1,0.2,0.3,1.4
United Republic of Tanzania (the),2016,26.4,29.1,23.6,54.1,35.4,49.5,21.2,67,36.2,36.9,97.4,59.9,79.6,41,9.7,23,27.9,10.7,20.1,,43.5,2.6,2.6,,,3.5,0.1,11.4,0,2.5,26.8,24.2,24.8,2.7,29.9,39.2,28.6,0.5,7.6,53.3,27.5,9.8,58.3,1.2,31.9,20.8,25,3.8,33.6,23.7,45,,0.1,51.1,47.5,58.8,49.1,22.8,13.3,3,36,,0,1.9,33.2,39.5,41,53.8,3.1,0.3,22,0.7,29.5,8,39,,17,6.2,,0.2,,9.3,9.1,42.5,77.6,,,1.3,13.4,2.2,0,0.9,5.7,,30.3,43.5,,,47.4,39.7,34.2,,,,66.3,2.1,0.2,0.2,0.1,0.2,
Namibia,2016,28.2,36.7,19.8,64.7,60.1,78.2,41.9,72.4,45.5,50.6,96.7,61.6,68.9,42.2,21,47.2,85,16.4,39.3,,48.7,15.2,7.8,0,53,0.8,,2.3,0,0,36.2,31.2,41.4,17.7,32.3,33.3,32.3,2.9,24.5,50.8,45.3,40.2,70.8,4.3,40,26.2,60,18.1,0.4,39.9,56.7,6.4,,53.9,95.3,60.6,29.8,21.3,21.5,22.4,29,0.5,25.6,,23.7,41,47.9,2,,1.5,18.9,3.5,21.3,6.1,36.8,,8.8,5.6,,2.2,,10.2,4.4,4.7,,4.9,,3.4,5.9,15.9,0,6,0.1,36.7,30.9,50.9,,,53.3,48.6,18.1,,,,,18.1,3.7,9.3,0.1,1.6,
Uganda,2016,27.1,35.6,18.6,53.7,33.9,39.7,28,67.6,35.7,37.4,98.7,59.6,67.8,39.8,19.8,27.1,12.9,21.8,31.1,,58.5,29.7,3.4,,55.9,2.6,0.3,10.1,0,0,37.8,15.8,23.5,11,15,13.7,57.9,,,57.9,39.6,,57.6,3.7,35,29.6,65,4.1,19.8,24.3,51.7,14.2,0,51,45.8,71.4,43.4,31.9,17.7,5.4,41.3,4.8,17.6,7.9,45.8,44.7,41.5,73.3,,0.7,32.3,5.4,22.1,20.9,39,60.4,19,6.9,0.3,0.7,,17,9.6,31.6,58.3,6.8,,2.9,,18.5,9.2,0.7,8.5,37,18.3,36.1,7.4,,55.3,45.6,0.9,0.1,,,,1.4,0.2,0.3,0.1,0.3,0.2
Cote d'Ivoire,2016,25.8,28.3,23.3,49.4,27.5,37.6,17.3,60.3,29.3,31.9,90,60.4,91.4,47,14.5,35.6,42.4,31.3,23.2,,55.6,7.9,7.2,,8.6,0,,,0,0,24,20.6,34.4,13.2,17.3,17.6,23,1.8,29.8,30.2,28.2,9.8,59.9,1.8,29.5,13.3,30,6.5,3.4,24,38.3,15.5,,51.1,58.6,60.1,42.9,24.1,20.7,,20.7,,,,33.8,39,31.2,,,,17.7,4.4,21.1,13.9,24.9,,27.1,2.9,1.6,0.3,,3.7,5.9,56.4,82.7,,,3.7,,22,,7.7,9.5,35.4,19.5,35.9,4.8,15.6,57.2,55.7,6.1,,,,,6.1,0.3,0.6,0.2,0.1,
Ghana,2016,26.7,33.4,19.9,45.3,45.5,59.6,31.5,31.5,43.8,47.6,17.3,59,83.7,21.9,25.7,49.8,56.6,40.2,40,,74.7,24.7,13.5,32.4,20.2,2.6,0.3,7.8,0,2.3,33.3,35.6,45.1,26.4,31.5,39.2,26.3,2.5,22.9,40,38.1,35.8,58.9,1.3,36.3,30.1,65,6.3,18.9,30,56.7,4.3,,48.8,37.5,63.1,47.3,26.2,20.9,14.4,48.4,0,0,,31.3,41,43.7,39.9,10.3,0.3,26.3,,17.2,,60.7,1.1,20.3,6.2,,0.1,,11.6,7,30.4,57.7,5.2,,1.1,,24.1,,1.2,,35.5,19.6,37.8,,0,51.9,42.6,2.4,,,,,2.4,0.5,0.7,0,0.7,0.6
Ethiopia,2016,24.8,27.2,22.5,46.2,29,32,26,53.3,20.5,36.7,77.9,56.4,62.5,37.8,14.4,25.7,39.8,26.7,20.1,,7,14.1,5,18.6,,3.4,0.4,13.2,0,0,27.4,23.5,19,3.8,45.7,25.5,40.1,0.4,21.1,69.4,18.7,0.8,45.8,0.1,26.3,6.9,15,5.4,0.3,23.9,35,,,48.2,37.5,54.6,50.4,21.6,14.1,4.9,35.1,0.2,0.9,17.7,24.6,41,38.2,2.8,,,26.1,0.7,58,29.8,28.8,0.5,17.1,8,,,,9.5,6.6,37.2,85,0.2,,1.2,14.6,6.2,0.2,0.8,17.7,,27.8,42.7,,,43.7,41.8,25.7,0.1,,,63.3,0.9,0,0,0,0.1,
Mali,2016,24.8,28.5,21,43.1,13.8,19.6,8,59.9,30.9,30.9,88.8,55.5,66,40.4,13.6,33.1,37.9,29.1,15.9,,65.7,4.1,5.6,,2.6,3.7,0.2,14.8,0,0,28.5,17.4,34.3,6.1,13.4,15.7,40.4,,16.1,52.5,27.9,,41.5,0.7,28.2,13.6,30,8.2,2.6,27.4,35,,,43.7,53.4,57.7,31.8,29.2,22.2,,37.9,0.2,13,,29.7,36.7,44.8,11.3,,,35.5,1.9,17.4,56.5,26.4,58.6,26.9,4.9,1.7,,,8.5,4.5,51.3,76.8,,,0.4,,24.4,0.2,0.4,49.9,35.7,15.2,27.7,1.2,1.2,51.2,43.9,0.6,1.6,0.7,,,0.2,4.6,0.2,13.7,0.1,
Algeria,2016,24.5,32.8,16.1,45.7,29.3,33.7,24.8,51.7,14.8,28.8,81.5,56.3,76.1,47.7,28.2,48.9,37.9,,59.8,,,35.6,30.9,54.2,3.2,0,,,0,0,37.2,18.4,42.7,15.2,7.9,7.8,51.5,7.8,24,87.2,41.8,33.6,70.3,1.3,31.7,7.8,10,5.7,,33.3,33.3,,,53.9,41.2,45.7,64.3,21.2,20.9,27.3,18.3,,,12.9,23.3,21.1,36.1,,,0.1,19.3,7.1,36.2,6.1,21.8,,17.7,3.6,0.9,0.2,,6,7.5,34.9,64.1,3.3,,1.7,41.2,14.5,0.1,0,3,34.7,14.6,23.8,4.4,8,42.6,32.3,8.8,0.3,,1.8,25.2,0,2,0.5,0.1,2.9,4.5
Nigeria,2016,23.1,27.8,18.5,36.2,8.2,10.5,5.9,53.8,24.5,20.1,85.3,46.7,77.1,30.7,12.4,23.8,,,,,23.8,,,,,1.1,0.3,4.1,0,0,27,27.6,28.2,18.1,30.7,33.3,22.3,0.8,32.2,28.1,31,19.1,58.3,0.3,43.3,21.7,60,4.1,1,46.2,68.3,46.6,,62,36.8,69.2,70.9,20.1,24.1,,36.1,,0.1,,16.6,29.2,42.1,1.3,0,0,19.6,8.8,9.8,32,22.3,,17.5,2.9,0.2,0,,2.1,9.3,30.7,74.5,4.4,0,0.4,,19,,0.6,0.2,37.5,19.5,31.4,10.5,4.4,54,43.1,14.9,,58.1,0.5,,0.4,0.2,0.6,0.1,0.2,0
Cameroon,2016,22.8,28.9,16.8,43,28.9,39.4,18.5,50,21.5,25.4,76.5,50.1,77.4,36.5,18.5,31.2,22.6,22.2,33.7,,61.1,24.3,10.2,39.9,7.1,0,,,0,0,23.5,16.8,28.3,3.7,19.7,15.7,20.8,1.5,5.8,37.9,32.9,24.2,57.1,1.7,34.5,17.4,35,4.5,12.6,43.3,43.3,,,42.7,26.6,59.8,42.3,24.9,29.2,,29.2,,,,29.5,39.6,38.9,,,0.7,16.1,2.7,21.1,8,26,,16,6,2,0.2,,15.5,6.3,28,62.5,,7.1,1.7,6.2,14,0.1,1.2,13.4,27.8,17.5,29.2,3.4,3.1,51.1,46.2,11.4,3.5,9.5,,27.2,0.4,0.2,0.2,0.3,0.2,
Burkina Faso,2016,21,32.8,9.3,53.2,33.4,43.3,23.5,65.1,36.4,33.8,95.1,61,86.7,38.1,16.1,26.3,40.2,15.4,15.7,,41.4,20.9,3.6,32.4,15,1,0.4,3.7,0,0,23.5,19.1,26.3,6.3,29.9,13.7,22.1,,23.4,21.4,29.3,,43.7,0.4,29.3,18.9,30,9.6,17.1,31.6,41.7,,,37.5,47.1,,32.7,41.9,23.9,,28.2,,15.4,,76.3,,,76.3,,,25.5,0.2,13.5,44,31.6,,17.4,5.5,0.8,,2.2,16.7,5.4,28.1,54.2,0.9,,3.1,,18.7,0.9,1.3,20.1,35.6,1.2,0.6,0.9,0,,,3.5,,9.3,,,0.7,0,0.1,0,0,
Malawi,2016,27.3,31.4,23.1,51.6,42.9,65.8,19.9,58.2,27.6,39.7,82.8,53.6,69.7,19.2,14.5,40.4,67.7,38,35.8,,0,2.9,0,,5.8,0.2,0.5,,0,0,24.6,16,19.6,3.3,17.3,23.5,24.6,,32.5,20.7,33.2,,49.7,0.3,30.7,16.9,25,4.8,21,25.4,46.7,7.8,0.3,49.8,76.1,68.2,27.4,35.7,38.9,,38.9,,,,34.3,30.7,36.1,,,,34,2.3,37,12.7,100,2,23.8,18.2,,,,28.9,7.5,29.2,66.3,0.4,,1.6,11.3,24.1,,1.6,9.7,42.6,22.4,36.3,,,40.1,32.6,16.7,2.1,,,38.6,2.2,0.1,0.2,0.1,0.1,
Mozambique,2016,29.8,34.6,25.1,46.1,36.4,54.1,18.8,36.1,35,26.2,41.6,65.9,80.2,49.6,22.7,58.2,65.8,98.5,24.8,,29.4,7.6,4.7,11.9,1.8,2.3,0.3,8.9,0,0,28.6,23.8,27.4,3,31.5,33.3,44.5,2.9,2.3,86.4,17.5,0.6,41.8,2.5,38.2,13,25,11.1,2.8,51.7,51.7,,,50,73.8,59.4,33.4,37.1,16.9,,24.7,,,1.4,53.5,38,41,100,,1.2,40.9,8.3,20.6,18.5,100,,28.5,7,,,,9.6,4.3,55.1,81.1,,,3,,23.5,0.2,2,5,55.1,21.7,43.1,,,48.7,37.4,0.8,1.9,0.5,,,0.4,0.1,0,0.1,0.2,
Madagascar,2016,24.8,28.5,21.1,49,26.4,49.3,3.5,57.2,26.8,28.6,86.8,63.4,79.6,34.2,14.8,21.8,11.5,5,33.3,,53.2,22.2,3.2,38.3,9,0.5,0.5,1.4,0,0,21.9,19.9,16.7,3.3,24.4,35.3,20.7,,10.2,26,25,,37.1,0.8,36.1,11.1,15,3.5,14.9,50,50,,,47,59.9,59.4,34.4,20.5,8.1,4.5,12.3,,,6.7,21.8,37.6,32.6,13.5,,1.1,31.5,15.8,15.4,52.6,34.4,,16.1,3.7,0.7,0.8,,8.9,4.5,22.2,50.1,4,,4.4,2.3,22.4,21.3,0.4,17.7,36.4,26.1,41.7,36.4,32.1,47.9,45.5,21.1,2.4,,,47.2,4.4,0.1,0.1,0.1,0.1,
Zimbabwe,2016,,,,,,,,,,,,,,,,,,,,,,,,,,,,,,,,,,,,,,,,,,,,,,,,,,,,,,,,,,,,,,,,,,,,,,,,,,,,,,,,,,,,,,,,,,,,,,,,,,,,,,,,,,,,,,,
Benin,2016,22.2,31.2,13.3,53.6,44.6,64.1,25.2,62.8,32.2,33.4,92.8,53.4,82.2,38.1,22.4,42.7,43.3,14.8,45.1,,92.1,24.5,13.3,21.8,41.2,0,,,0,0,20,15.6,30.8,2.9,11,17.6,23.7,0,19.4,37.7,20.8,8.1,43.7,0.3,28.8,15.6,30,7.5,9.4,40,40,,,30.7,2.1,65.7,27.6,31,31.1,,31.1,,,,36.2,27.9,40.4,,,,25.6,5,14.4,35.3,37.5,,10.8,6.5,1.6,0.7,,20.2,3.6,4.8,,,,4.8,,21.2,0,0.5,28.4,38.5,15.8,31.4,5.1,,46.9,42.1,0.3,0.3,,,,0.3,0.3,0.7,0,0.1,
Zambia,2016,19.9,24.3,15.6,47.4,47,68,26,26.1,32,40.8,15.7,69.1,86.7,39,0.7,0,0,,,,,,,,,1.5,0.3,5.5,0,0,19.2,16.1,26.3,6.2,14.2,17.6,31.5,4.6,14.4,53.4,10,13.6,,2.8,36.6,26.9,75,5.2,0.4,23.6,53.3,5.7,0.7,59.2,79,75.7,41.2,17.4,15.2,10.6,32.7,0.2,4.1,,22,41.4,51.2,2.1,5.3,0.6,15.1,0.5,9.8,6.5,45.4,5.7,15.6,4.5,1.2,,,6.1,6,34.6,64.6,7.7,,1.6,,7.8,,0.7,2.7,13.8,15.5,30.5,4.2,2.4,52.5,48.8,1.1,,,,,1.1,0.1,0.1,0,0.3,
Guinea,2016,17.2,23.2,11.3,42.4,22.5,39.7,5.3,55.5,17.5,12.8,95.9,49,80,38.8,9,20,28.6,7.3,22.3,,23.6,6.9,9.2,,4.7,0,,,0,0,18.6,1,,,0,2,17.4,,14.5,18.9,37.4,,55.4,1.4,24.8,11.7,30,1.9,3,31.4,35,,,31.5,25.2,53.3,23.7,21.1,11.7,0,23.4,,,,22.5,19.7,33.7,,,2.6,29.2,1.8,15.1,26.2,59.9,,8.6,4.6,0.7,,,11.4,1.8,1,,0.7,,1.2,,20.2,0.3,0.6,29,35.5,14,23.5,6.1,23.1,35.9,28.6,9.1,31.1,4.3,,,0.5,0,0.1,0.1,0,
Togo,2016,18.4,27.1,9.7,48.8,31.4,58.8,4.1,57.3,24.4,25.3,89.8,57.7,78.4,43.1,14.9,35.8,43.8,15.6,44,,43.9,7.9,8.5,,7.2,1.1,0.3,4.1,0,0,18.1,12.5,25.9,3.3,11,9.8,22.5,0,6.9,41.5,19.4,1.8,46.1,1.4,30.2,27.2,30,12.1,39.5,38.3,38.3,,,25.1,41.2,,17,23.4,36.4,,36.4,,,,15.4,,,15.4,,,18.5,3.1,3.5,9.9,49.8,,16,4.4,1.6,,,10.1,1.4,1.7,,1.5,,1.8,,41.9,0,0.2,9.2,100,3.5,6.6,9.1,1.4,,,0.6,0.2,,,,0.8,0.3,0.7,0,0.1,
Niger (the),2016,20.4,30.1,10.8,46.8,24.9,31.3,18.6,58.6,28.4,29.9,88.1,56.8,77.6,36,21.1,54.3,66.5,100,0,,47.3,9,0.8,3.5,28.2,0,,,0,0,26.6,18.1,,,12.6,23.5,41.4,0,10.8,77.4,20.4,13.2,37.5,0.7,25.8,13,30,4,5,35,35,,,29.5,35.9,,26.3,30,37.9,,37.9,,,,2.1,,,,,2.1,50.1,3.2,29,80.7,64.1,,21.1,4,2.7,0.7,,9.5,3.1,36.7,73,0,,0.9,,22.5,0,11.2,30.2,35.5,0.5,0,0,0.1,,,1.6,,3.8,,,0.5,0.4,1.1,0,0,
Burundi,2016,20.9,30,11.8,48,24.6,40.6,8.6,54.5,25.6,23.8,84.4,64.8,94.5,30.5,14.6,37,50.6,37.9,35.3,,11.6,6.1,3.3,8.1,5.1,0.6,,1.8,0,0,23,3.7,,,1.6,5.9,21.9,,19.7,23,43.4,,43.4,,32.8,16.7,10,4.5,35.8,46.7,46.7,,,35.1,66.1,48.6,12.9,31.8,37.7,,37.7,,,,32.5,29.7,28.9,51.1,,5.1,25.2,0.1,44.5,23.9,19.6,,8,2.8,,,,5.2,0.5,0.7,,,,0,1.4,20.5,0.4,0.3,30.5,35.5,15.6,26.4,,,29,23.9,9.7,18.1,,,14.6,0.5,0.1,0,0.1,0,
South Africa,2017,35.8,46.9,24.7,66.3,54.3,59.6,49,71.4,49.9,41,97.4,73.2,80.5,57.9,32.8,44.1,58.1,23.6,49.2,,46.9,27.3,16.4,35.5,21.7,27.1,5.2,16.6,49.6,37,43.4,51.6,54.6,40,55.8,55.9,42.3,16.6,79.2,36.7,36.3,14.7,70.5,11.1,57.4,40,60,59.8,0.1,61.6,70,100,6.3,70.5,75.5,74.3,66.2,34.4,36.8,38.7,44.1,9.1,53,29.9,33.4,57.4,56.4,21.7,12.9,7.3,33,48.1,33.7,19.1,48.8,23.1,21.5,15.6,6.5,5.2,,23.6,27.2,26.5,19,37.9,33.5,9.8,40.1,22.4,5,7.7,5.1,47.1,28,40.5,14.8,5.2,65.5,59,17.9,7.9,2.2,8.6,36.3,17,12.8,3.2,8.9,36.3,2.9
Tunisia,2017,32.3,40,24.6,54.9,41.1,42.8,39.5,54,32,37.9,73.1,69.5,85,54.5,38,49.9,60.4,28.7,62.3,16.4,80.1,55,29.9,90,10.3,9.1,21.5,14.9,,,45.2,58.4,52.9,39.5,71.7,69.5,27.3,6.2,20.1,41.5,49.8,41.1,77.3,12.2,38.7,27.4,45,31.3,6,29.2,46.7,9,14.4,59.5,77.1,64.2,48.4,23.2,27.7,36.1,33.6,3.3,23.6,,19.5,32.8,36.3,6.7,16.9,1,22.3,2.2,35.9,7,51.5,4.7,21,15.3,7.5,0.6,,44.4,8.8,28.6,37.1,8.8,28.1,12.8,47.8,19,5.5,14.8,14.5,30,28.3,42.1,,5.3,58.9,43.7,17.7,,5,0.9,8.4,41.8,11.2,2.7,0.2,32.8,9.2
Morocco,2017,32.7,40.6,24.8,58.1,48.1,55.7,40.6,56.2,37.7,37.2,74.9,69.9,92.3,33.9,32.3,46.4,48.8,46.1,44.5,,,43.4,24.2,70.1,9.3,7.2,12.4,16.3,,,50,62.9,60.7,34,73.9,83,38,3,27.9,60.6,49.2,46.6,74.2,4.1,42.1,26.7,45,25.1,10,33.2,53.3,19.5,6.5,66.3,83.8,68.8,56.4,20.5,21,10.8,30.2,5.8,38.3,,18.8,35.4,43.6,2.9,2.8,0.3,21.6,5.2,21.8,9.3,54.6,8.9,20.3,6.2,4.3,1.8,,9.1,9.3,34.5,64.1,8.9,22.5,5.8,41.9,20.1,0.1,5.2,27.1,34.1,29.4,49.4,25,73.4,62.3,48.8,5.6,4.1,2.8,0.6,9.8,6.1,13.3,1.6,0.8,38.3,12.6
Kenya,2017,31,37.2,24.7,53.8,33.7,32.5,34.8,64.9,34.6,25.1,100,62.7,83.1,43.4,14.1,33.3,48.9,29.4,38,,,2.9,2.9,,,6.2,2.6,18,,4.3,36.7,41.1,35.4,20.5,55.8,52.5,36.5,0.7,58.6,43.3,32.5,17.6,62.5,2.3,48.2,53,70,13.1,75.8,33.4,53.3,10.4,16.5,58.3,55.9,77.2,50,33.2,26.4,,49.1,1.9,5.5,,47.5,57.6,52.6,79.1,10.8,0.3,25.7,26.7,37.5,2.2,49,13.6,21.6,11.7,5.1,0.3,17.6,15.7,14,29.6,65.1,10.4,15.4,7.5,14.2,23.5,16.8,1.9,40,29.4,27.8,40.9,16.5,2.6,67.8,57.5,22.9,0,,2.3,58.8,8.8,6.6,1.1,0.7,23.6,1.1
Mauritius,2017,34.8,47.1,22.5,80,77.8,86.9,68.8,81,70,64.4,94.8,81.2,91.7,69.1,30.2,53.8,45.3,38.8,63.2,,82.3,35.2,31.7,44.1,20.9,1.5,2,3.9,,,47.2,60.7,68.6,37.8,70.3,66.1,28,8.3,20.9,41.4,52.8,58.2,70.8,6,50.6,52.9,65,40.8,,42.2,65,26.5,12.1,56.8,96.3,71.7,29.5,27.7,27.7,42.8,29.3,,0.3,21.6,24.4,36.5,52.3,10.8,6.4,1.9,31,7.5,28.7,23.8,52.4,,13.6,2.8,0.2,,,5.8,2.3,17.7,,29.8,15.4,15.9,9.5,20.3,2,0.1,24.5,37.5,31.4,37.8,20.3,2.3,60,50.9,32,2,34.7,,49.4,28.1,18.1,12.7,2.3,39.4,
Trinidad and Tobago,2017,29.7,38.2,21.3,60.7,59.3,70.4,48.2,57.9,45.8,35.2,75.2,64.9,88.6,48.7,20.4,40.4,,,,40.4,,,,,,0.5,,1.5,,,35.9,53.1,70.3,45.3,52.9,44.1,21.9,26.3,15.5,22.9,32.5,5.3,74.3,3.5,45,26.3,65,14,0,60,60,,,48.6,52,70.3,36.1,29.1,32.7,49.3,32.5,0,,,28.8,31.7,41.5,,,0.5,25.9,,11.1,0.6,66,,22.5,3.4,0.3,11.6,0.1,3.9,4.4,23,32.4,,,4.3,,41.2,,0.1,0.4,82.1,20,30.9,8.4,2,53.1,45.6,2,,,,,2,16.1,4.5,1.5,42.4,
Egypt,2017,26,32.7,19.3,40.4,26.9,31.3,22.6,33.1,21.8,24.7,42.9,61.3,92.4,39.5,26.9,48.6,31.2,,51.4,,78,20.2,31.3,19.9,9.7,11.9,8.1,16.5,,22.9,38.4,43,53,31.4,47.1,40.7,27.4,6.8,51.9,25.3,44.9,43.1,66.5,5.4,36.7,20.2,50,9.6,0.8,26.6,48.3,7.1,2.7,63.4,59.1,54,70.3,21,21.2,59.2,2.4,1.2,7.9,16.2,19.2,23.8,54.5,0.2,1,0.5,22.5,11.3,27.7,11.6,49.7,6.4,17,8,4,0.5,,13.1,14.5,25.3,46.6,0.7,26.6,3.9,27.4,17.6,11.4,0.5,15.8,30.2,21.6,30.2,5.5,8.2,50.3,45.7,15.2,,2.1,1,3.8,40.2,11,1.2,0,34.8,8
Botswana,2017,30,43.6,16.4,68.6,72.1,88.8,55.3,64.6,54.5,57.9,72.9,69.1,76.2,50.5,32,68.3,100,54.7,44.5,,79.5,24.1,23.6,32.3,8.4,3.6,2,12.3,,,41,33.2,43.3,32.6,28.3,28.8,42.8,3.8,45.4,61,46.8,45.4,70.7,1.7,49.3,33.8,55,12.7,,55,55,,,59,96.9,71.3,34,27.1,34.4,30.4,64,2.6,22.6,26.7,31.2,40.3,40.6,36.3,23.7,0.8,15.7,2.7,5.5,9.1,53.6,1.1,15.6,2.8,0.6,0.3,0.2,10.9,4.7,29,,76,10.2,0.7,,15,0.1,1.7,2.3,35.3,17.1,28.4,4.8,1.7,52.5,41.3,6.1,,,,,6.1,5.5,1.1,1.4,14.1,
Rwanda,2017,27.4,41.1,13.7,63.5,51.5,61.8,41.1,67.6,48.5,41.5,90.2,71.6,87.2,47.9,23.5,46.4,46,50.3,37.7,,56.7,24.2,6,43,4.8,0,,,,,40.4,34,26.5,14.7,45.6,49.1,53.6,,42.7,59,33.6,,50.3,0.3,40.9,38.3,95,7.7,12.3,39.6,51.7,,15.5,44.8,58.5,66.4,27.2,37,37,5.4,68.6,,,,41.7,38.9,52.1,,23.6,,32.2,1.4,46.3,9.5,56,,7.7,4.5,1.3,0.6,5,12.7,2.3,4.3,,8.6,4.1,0.2,,14.2,0.7,1.5,8.4,30.3,19.6,36,5.7,1.2,68,51.7,3.3,0,,,,5,3.2,0.2,0.1,9.3,
Senegal,2017,27.1,35.2,19,54.5,45.4,59.7,31,61.4,37.5,35,86.5,56.8,86.1,40.7,31.7,45.6,71.8,33.4,24.2,,60.5,45.4,8.5,,82.4,4.1,4.2,12.3,,,33.1,32.2,35.9,16.4,37.7,39,29.5,0.8,12.3,52.4,37.6,28.7,63.7,3,32.4,23.2,30,12.4,27.1,30.6,41.7,,8.6,43.3,32.4,70.6,35,24.5,8.8,,18.5,0.1,5.2,2,39,44,44.4,68,3.5,0.7,25.5,2.9,13.8,47.5,52.2,,18.4,6.1,2.1,2.3,,13.8,6.2,25.7,51.8,1.7,24.4,2.7,21.6,23.4,3.3,1.9,49,31.4,19.6,34.2,5.4,3.2,59.7,53,6.5,10.5,1.3,,10.1,3.4,3.4,1.1,0.2,10.6,1.9
United Republic of Tanzania (the),2017,28,32.3,23.6,53.9,39.9,53,26.8,63.6,32.9,27,97.4,58.1,79.1,41,9.5,22.9,27.9,10.9,20.1,,42.9,2.5,2.5,,,3,0.1,12,,,36.1,36.5,26.5,3,57.3,59.3,41.7,0.4,42.9,61.7,30,16,58.3,1.4,36,24.7,65,5,4.2,27.3,40,,1.9,55.9,62,62,49.9,26.1,14.2,4.7,36,,,3.8,39.7,42.3,44.8,70.5,5,0.1,24.4,0.3,21.4,6,58,,16.6,4.2,,0.1,,8,8.7,33.1,75.8,,0.4,1.3,12.5,12.6,,0.3,3.7,29.5,30.6,48.3,,,51.8,44.7,22.5,,,,42.9,2.1,3.5,0.2,0.1,10.1,
Namibia,2017,27.9,37.8,18.1,65.2,64.2,79.6,48.8,69.6,40,45,96.7,61.9,68.9,42,22.5,50.1,85,16.3,,,48.1,15.1,7.5,,53,2.3,1.6,7.5,,,38.6,30.9,42.5,29.1,28.3,23.7,37.6,2.2,31.5,58.3,47.4,45.4,70.8,4.7,39.3,27.1,60,20.8,0.5,36.7,55,,,54.1,95,61.1,30.1,23.2,20.5,24.8,29,1.1,14.2,,27.7,37.7,44.5,26.5,12.3,1.4,21.3,3.1,15.8,7.9,62.7,8.2,7.9,4.5,,0.9,,8.7,4,5.5,,4.9,10.4,2.9,4,13.5,0.1,5.5,0.1,31,28.3,40.1,32,0.1,58,50.1,18.9,,,,,18.9,14.4,8.7,0,34.6,
Uganda,2017,27,36.7,17.2,54.6,36.3,42.9,29.7,65.7,35.9,29.5,98.7,61.8,71.3,39.4,18.2,21.4,7.1,8.6,31,,56.4,29.6,3.3,,55.9,3.5,0.3,10.8,,3.1,40.5,33.9,23.7,12.7,50,49.1,48.6,,45.3,50.3,39,,57.6,1.9,36.7,24.6,65,4.8,4,29.3,50,13.3,3.8,56.2,65.6,71.8,43.7,33.6,17.8,6,41.3,4.5,17.4,7.9,46.7,46.5,41.3,96.1,5.4,,36.3,6.2,19.9,23.2,56.9,60.4,15.6,6.7,0.6,0.7,,16.3,9.3,25.7,59.6,6.8,0.8,1.8,,14.3,3.2,0.5,9.3,29.2,18.9,34.8,6.3,,54.7,43.4,1.4,0.3,,,,1.9,4.6,0.2,0.1,18.1,
Cote d'Ivoire,2017,24,28.4,19.5,51,34.2,43,25.4,57.5,28.9,21.3,90,61.3,91.4,49.1,14.4,35,42.4,33.2,25.6,,42.3,8.3,7.4,,9.3,0,,,,,26.5,23.2,37.9,20.8,18.8,15.3,25.6,1.3,24.9,38,30.8,16.1,59.9,1.9,29.1,14.9,30,8.3,6.3,25.2,40,16.8,3.9,47.3,38.3,62.9,44,20.9,20.7,,20.7,,,,20.2,38.2,30.8,,1.1,0.3,21.7,0.8,14.1,13.2,48.3,,20.4,2.7,1.6,0.3,,3.3,5.6,44.8,87.4,,1.2,3.3,,13.6,0.3,1.9,6.6,29.6,18.7,33.1,4.4,8.7,56.3,50.8,2.8,1.3,,,,3.6,5.7,0.5,0.1,16.6,
Ethiopia,2017,24.2,28.2,20.2,43.9,26.8,27.9,25.7,49.7,16.4,26.7,77.9,55.2,56,37.6,14.8,26.4,39.8,30.7,20.6,,2.3,14.6,6.5,18.6,,3.5,0.4,13.8,,,33,32.8,21.1,8.2,52.9,49.1,44.6,0.3,14.5,81.9,21.6,8.2,45.8,,24.8,7.2,15,6.1,0.5,22.3,31.7,,3.4,45.1,29.5,48.1,51.4,24.2,10.8,5.4,23,0.2,0.9,17.6,23.3,47.2,42.3,3.6,1.1,,38.5,0.7,88.5,29.6,54.4,0.5,15.3,8,,,,9.3,6.7,32.7,88.5,0.1,,1,18.1,5.3,0.2,0.4,15.2,,25,44.3,,,44.4,44.2,10.6,0.1,,,25.8,0.6,0.9,,0,2.6,
Mali,2017,22.5,28.1,16.8,45.9,21.2,23.6,18.7,55.6,27.6,17.3,88.8,61,84.1,41.5,12.2,29.4,29.7,25.3,15.9,,63.9,4,5.4,,2.6,3.4,0.2,13.3,,,24.5,14.7,33,9.7,9.4,6.8,31,,20.4,36.3,27.8,,41.5,0.3,28.6,14.5,30,8.8,4.8,30.2,40,,10.7,41.1,38.2,57.2,34.5,29.4,22.2,,37.9,0.2,12.9,,26.7,35.8,40.8,14.8,13.2,,39.3,1.8,11.9,56.3,49.1,58.6,19.1,3.8,1.4,,,5.8,4.3,32.9,64.4,,2.6,0.3,,20.7,0.2,0.4,43.9,29.6,14.5,26.1,2.3,2.7,48.8,38.9,0.5,1.2,0.5,,,0.1,5.2,0.1,11.1,4.5,
Algeria,2017,24.3,33.1,15.6,47,33.8,38.5,29.1,47.6,12.2,15.1,81.5,59.7,77.5,47.7,25.8,41.4,37.9,,59.7,11.9,,35.9,31.9,54.2,3.1,0,,,,,42.3,24.5,50.3,29.2,6.5,11.9,59.6,5.9,32.7,100,42.8,36.3,70.3,1.1,29.5,8.8,10,7.7,,22.8,33.3,,1.9,56.7,52,46.4,64.2,21,16.6,16.5,18.3,,,13.3,19.6,28.5,34.2,,0.8,0.2,26.9,5.9,41.3,5.3,44.7,,14.4,3.8,0.8,0.2,,6.8,7.2,27.4,58,3.3,0.4,1.6,42.9,12.2,0,,2.3,29.2,16.7,26,12.4,7.9,45.2,29.6,5.7,0.2,,1.1,16.3,,9,0.5,0.1,28.9,6.5
Nigeria,2017,21.9,28.9,14.9,39.6,15.7,13.6,17.7,57.4,20.6,8.9,100,45.8,78.6,30.6,15.1,35.7,,,21.9,,63.5,8.2,8.2,,,1.3,0.3,4.8,,,28.2,32.3,29.6,22.8,41.3,35.6,18.5,0.6,26.1,23.7,33.6,25.7,58.3,0.3,40.2,23.8,65,4.6,1.9,33.9,65,4.4,1.3,62.7,43.4,67.2,70.1,21.7,24,,36,,0.1,,16.4,27.8,41.5,1.7,0.8,0,24.6,11.2,4,30,46.5,,9.9,3.1,0.2,,,2.6,9.5,10.3,17.7,4.4,11.2,0.3,,16.4,,0.6,0.8,32.1,19.9,32.8,9.7,4.4,57.5,45.2,10.7,,41.1,0.8,,0.4,3.4,0.5,0.1,12.6,0.4
Cameroon,2017,22.6,29,16.1,42.3,31.2,39.8,22.5,45.8,19,11.3,76.5,49.8,77,36.6,19.8,34.4,22.6,21.8,45.1,,61.9,25.1,14.8,39.9,5.8,0,,,,,25.3,18.7,27.7,8.4,21.7,16.9,22.2,1,4.1,41.8,35.1,29.7,57.1,1.7,33.7,20,35,5.5,19.6,41.7,41.7,,,39.4,8.4,63.8,42.7,24,29.2,,29.2,,,,22.5,37.2,36.8,,1.3,0.2,20.4,2.6,11.7,7.9,50.5,,15.6,5.6,1.9,0.3,,14.3,6.1,28.5,61.1,,15.1,1.6,3.4,12.7,0.1,0.6,11.5,25.6,16.7,28.3,3.2,1.8,51.4,43.7,7.6,2.9,6.7,,17.6,0.3,2.4,0.2,0.3,6.6,
Burkina Faso,2017,21.9,35.3,8.4,53.4,37.6,48.1,27.1,61.7,32.9,23.9,95.1,61,88.1,39.3,15.8,25.3,32.9,16.6,15.7,,46.4,20.8,3.5,32.4,15,1.2,0.4,4.3,,,25.4,20.1,28.7,9,18.8,23.7,26.8,,30.9,24.8,29.3,,43.7,0.3,29.7,22.4,30,9.9,27.2,30,40,,10,36.6,44.3,,32.7,52.2,23.9,,28.2,,15.2,,100,,,100,,,32.6,0.2,17.6,42.9,53.6,,15.1,5.1,1.2,,2.7,14.3,5,24.1,57.1,0.8,2.6,2.6,,16.2,1.1,0.6,12.1,33.6,1.8,1,1.1,0.7,,,4.7,14.9,1.9,,,0.9,0.4,0.1,0,1.1,
Malawi,2017,23.5,30.8,16.2,51.3,43.5,62.3,24.8,54.1,21.2,29.7,82.8,56.2,76.7,22.3,12.3,33.9,52.8,29.8,35.7,,0.7,2.9,,,5.8,0.2,0.5,,,,26.2,19.9,20.3,8.6,21.7,28.8,25.5,,34.7,20.9,33.3,,49.7,0.6,32,18,45,3.8,5.3,30.7,43.3,5.4,,47.1,75.4,59.7,26.7,32,38.9,,38.9,,,,30.3,28.5,31.2,,,,26.7,3.6,27.5,21.6,67.4,2,15.8,9.4,1.5,0.6,,28.6,7,21.3,55.9,0.4,4,1.4,10.3,16.6,,0.6,8.3,28.7,16.5,26.7,10.3,,39.4,30.5,11.7,2,,,24.9,3.4,0.9,0.2,0.3,2.1,
Mozambique,2017,24.5,30.5,18.6,44.6,36.5,49.9,23.1,31.7,29.5,14.1,41.6,65.5,79.9,49.6,18.7,46.5,63,69.6,28.1,,4.2,7.6,4.6,11.9,1.8,2,0.3,7.6,,,28.8,19,29,6.2,20.3,20.3,47.4,2.3,28.7,79.2,20,6.8,41.8,2.8,35.8,13.9,25,13.2,3.5,43.3,43.3,,,50.2,75.8,58,33.6,24.4,10.2,,24.7,0,0.5,1.4,34.5,37.8,34.5,66.9,1.1,,28.5,6.7,14.5,16.9,93.2,0.3,20.8,4.5,3.8,0.3,,9.8,4.1,40.6,78.7,,2.3,2.8,,17.3,0.1,1.4,1.7,41.6,16.5,30.3,17.4,4.7,49.3,37,2,1.6,6.2,,,0.2,3.3,0,0.1,9.8,
Madagascar,2017,24.2,28.8,19.5,48.7,31.5,54.1,9,53.9,22.8,19.1,86.8,60.8,83.5,34.2,14.8,22,11.5,5.1,34.2,,52.5,22.3,3.5,38.3,9.1,0.1,0.5,,,,20.8,17.8,23.9,4.4,22.5,20.3,19.5,,4.3,27.1,25.2,,37.1,1.3,36.9,13.8,15,4.3,22,48.3,48.3,,,48.5,65.2,60,34.3,22.7,8.3,5.2,12.3,,,6.7,21.6,40,35.6,17.8,3.8,0.4,38.2,15,15.3,52.2,58.6,,13.6,3.2,0.4,0.7,,7.5,4.2,18.7,50.5,4,2.1,4.4,0.4,19,19.2,0.1,15.3,30.2,25.4,41.6,28.9,31.1,53.4,47.6,13.4,1.3,9.7,,30.5,4.2,5.2,0.1,0,15.4,
Zimbabwe,2017,21.8,28,15.6,35.7,31.3,49.8,12.7,32.9,,,65.8,42.9,49.1,28.5,28.7,54.5,85.9,44.6,33,,54.3,31.3,6.8,58.1,2.3,0.3,0.9,,,,15.5,26.9,33.5,19.1,26.1,28.8,13.1,2.3,0.9,24.7,6.4,6.2,,6.7,37.2,25.1,50,,0.2,38.1,51.7,,11,48.4,68.5,63.6,30.8,22.8,23.1,9.6,36.7,,,,20.2,25,28.4,,18.1,0.9,25.2,9.2,26.6,3.2,53.9,,14,7.6,1.7,0.9,,21.4,6.5,21.1,20.1,,36.8,7.6,,13.3,1.3,0.7,0.1,32.2,17.2,28.2,4.7,,46.6,33.2,8.4,,,,,8.4,4.1,0.4,0.1,11.8,
Benin,2017,23.5,30.8,16.2,51.3,43.5,62.3,24.8,54.1,21.2,29.7,82.8,56.2,76.7,22.3,12.3,33.9,52.8,29.8,35.7,,0.7,2.9,,,5.8,0.2,0.5,,,,26.2,19.9,20.3,8.6,21.7,28.8,25.5,,34.7,20.9,33.3,,49.7,0.6,32,18,45,3.8,5.3,30.7,43.3,5.4,,47.1,75.4,59.7,26.7,32,38.9,,38.9,,,,30.3,28.5,31.2,,,,26.7,3.6,27.5,21.6,67.4,2,15.8,9.4,1.5,0.6,,28.6,7,21.3,55.9,0.4,4,1.4,10.3,16.6,,0.6,8.3,28.7,16.5,26.7,10.3,,39.4,30.5,11.7,2,,,24.9,3.4,0.9,0.2,0.3,2.1,
Zambia,2017,23,31.3,14.8,54,45.1,63.9,26.3,59,27.9,22.4,92.8,58,90.6,38.7,21.1,39,37,9.6,45,,89.7,24.4,12.9,21.8,41.2,0,,,,,23.3,16,28.6,4,14.5,16.9,30,,16.9,51.6,23.7,15.5,43.7,0.2,30.6,21.4,30,7.6,26.6,40,40,,,30.3,,63.7,28.7,27.5,21.9,,21.9,,,,37.6,35.6,38.6,,,,23.1,1.7,0.6,23.6,55.8,,8.5,5.1,1.1,0.6,,15.3,3.4,3.8,,,4.1,3.6,,16.6,0,0.2,17,33,21,28.6,3.4,1.7,50.1,45.7,19.6,58.2,,,,0.3,7.4,0.6,0,21.6,
Guinea,2017,20.8,26.1,15.5,46.9,46.9,65.9,27.9,23.7,31.3,32,15.7,70.2,85,45.4,0.8,0,,,,,,,,,,1.6,0.3,6.1,,,26.3,28.2,28.4,11.7,37,35.6,36.8,3.3,17,63.4,13.9,19.5,,2.6,38.4,27.9,75,6.9,1.7,29.3,53.3,5.8,4.7,58,80.5,69.9,40.8,18.3,15.5,11.7,32.7,0.1,4,,19.8,41.4,45.3,2.7,0.9,0.3,19.6,0.5,12.3,6.5,63.7,5.7,16.1,4.7,1.2,,,7,5.9,33.4,77.8,7.7,2.2,1.3,,10.4,,2.1,2.4,18.5,14.9,28,4,2.5,48.6,44,1.5,,,,,1.4,2.2,0.1,0,6.6,
Togo,2017,17.4,24.9,10,45,33,53,13,54.3,20,5.2,95.9,47.8,80.2,38.8,8.9,20,24.7,10.5,23.1,,23.3,6.8,8.9,,4.7,0,,,,,24.8,12.3,25.7,6.2,8.7,8.5,25,,13.7,30.7,37.1,,55.4,0.4,26.3,13,30,4.7,4.4,33.6,40,,20.7,32.2,30.8,53.3,22.3,19.3,11.7,,23.4,,,,22,19.7,33.8,,,0.9,24.3,1.7,9.3,26,48.9,,6.5,0.7,0.3,,,0.2,1.6,1.7,,0.7,3.5,1,,17,0.3,0.5,25,29.6,13.5,23.9,6.6,25,35.9,28.6,6.1,20.4,3,,,0.5,0,0.1,0.1,0,
Niger (the),2017,18.4,28.8,8,49.4,35.7,59.6,11.9,54.2,21.1,16.1,89.8,58.2,81.7,44.7,15.7,37.4,49.6,15.8,43.9,,43.4,8,8.7,,7.2,1.6,0.3,6,,,26.5,25.4,25.9,4.9,31.9,39,32,0,25.7,51.1,22,8.4,46.1,1.2,30.7,30.3,30,14,47,40,40,,,21.6,33.7,,15.6,21.9,36.4,,36.4,,,,9.3,,,9.3,,,19.9,2.9,0.9,14.8,52.4,,12.5,3.7,1.5,,,8.8,0.9,4,,1.5,7.1,3.3,,29.8,0,0.1,12.1,68.4,3.5,3.3,4,1.8,,,4.4,0.1,17,,,0.1,3.3,0.6,,9.2,
Burundi,2017,21.2,31.2,11.2,49.2,33.3,40.1,26.6,55.4,23.6,21.7,88.1,58.9,86.2,40.4,20.6,52.9,65.8,100,,,38.4,9,0.8,3.5,28.2,0,,,,,27.5,9.4,20.4,1.4,7.3,8.5,49.9,0.1,23.1,88.1,23.1,19.9,37.5,1,28,16.1,30,4.6,13.7,40,40,,,27.9,31.6,,26,30.6,37.9,,37.9,,,,1.9,,,,,1.9,52.1,3,23.1,90.1,67.7,,19.7,3.2,1.6,0.7,,7.8,2.8,26.9,65.4,,2.8,0.7,,29,0,10,56.3,39.3,2.7,0,,0.1,,,10.2,37.2,2.7,,,0.5,0.3,1,0,,
South Africa,2018,35.1,45.4,24.9,65.6,55.1,61.6,51.9,72.8,49.5,45.9,98,68.8,80,57.6,30.5,42.2,56.8,26.7,46.1,,36,23.1,15.7,28,20.7,26.2,5.6,18.5,42.4,38.3,39.4,51.4,54.8,39.1,55.8,55.9,42.1,15.8,79.2,36.7,24.6,10.3,44.7,12.9,57,40.9,60,62.6,0.1,60.9,70,100,3.6,69.2,72.5,72.7,65.8,34.4,35.9,38,44.1,9.4,49.8,28.4,35,56.3,58.3,24.8,18.8,3.8,32.2,55.3,37,23.4,35.7,21.1,25.2,16.7,5.1,6,,27.8,27.7,40.1,62.6,37.4,27.1,15.3,35.5,18.9,3.9,10.2,5.1,37.7,24.6,38.5,13.8,7.2,60.5,56.9,13.2,8.9,2.2,7.8,,23.6,8,3.1,8.5,2.8,17.6
Tunisia,2018,32.9,40.3,25.5,56.4,40.5,41.8,39.9,58.8,32,44.6,79.3,69.8,85,54.5,43.2,62,64.4,80.3,55.7,16.4,78.8,58.7,26.3,99,10.6,9,21.5,14.5,,,43.1,58.4,51.1,41.1,71.7,69.5,28.6,6.1,20.1,44.2,42.2,34.3,62.4,17.7,37,28.4,45,34.1,6.3,31.5,48.3,8.7,20.7,51,41.6,66,48.1,21.6,26.8,33,33.6,3.3,24.2,,18.5,32.8,33.8,7.5,13.8,0.5,19.5,2.6,35.6,7.5,38.8,4.7,23.4,22,9.7,1,,67.8,9.3,31.7,60.9,6.1,25.7,18.8,17.6,16.5,3.5,18.8,12.7,23.8,27.6,41.9,,5.9,59,42.6,24.8,,5,1.1,,46.5,1.8,2.6,1.4,1.9,1
Morocco,2018,31.1,38.7,23.5,57,47.8,58,42.7,59.8,38.1,40,80.7,63.3,92.5,34,25.1,46.2,48.8,52.7,37,,,21,25.8,24.8,8.7,8.2,12.8,16.5,,3.6,49.5,63.6,60.6,36.8,73.9,83,41.6,3.1,27.9,67.7,43.3,42.5,63.5,4.5,42.2,26.3,45,26.4,7.5,35.7,58.3,22,4.2,64.5,75.2,70.1,56.4,19.7,19.7,6.7,30.2,5.9,38.3,,20.1,33.4,46.9,3.3,6.6,0.3,19.3,6.6,23.6,10.1,41.4,8.3,19.9,7.7,4.5,2.4,,13.9,9.9,33.4,62.1,6,20.7,12.8,36.6,18.6,0.4,6.3,30.2,28,27.1,49.5,25.2,72.9,61.4,50.2,7.4,4.8,2.8,0.8,15.7,6,2.1,1.5,0.8,3.5,2.7
Kenya,2018,31.1,36.9,25.3,55.3,36.2,33.9,37.4,66.4,36.4,29.4,100,63.2,83.2,43.1,14.6,35.2,48.9,,29.6,,18.9,2.7,2.7,,,6,2.6,18.2,,3.4,33.5,40.6,36.3,17.6,55.8,52.5,35.7,0.7,58.6,41.8,24.3,12.3,47.3,2.5,47.5,54.6,75,12.3,76.6,35.6,58.3,13.3,12.6,52.3,34.3,74.5,50.1,33.3,26.4,,49.1,1.9,5.5,,51.3,54.9,54.1,90,15,0.8,22.2,23.7,36.6,2.3,35.7,13.6,20.7,11.5,5.1,0.7,15.9,17,14.2,30.8,72.1,3.1,13.7,10.4,13.3,19.9,12.2,2.2,34.6,25.3,29.9,41.1,14.9,2.7,68.2,59.3,36.7,0,,2.2,100,8.9,0.7,1,0.7,0.7,0.3
Mauritius,2018,31.3,42.7,19.9,63.4,75.6,88.9,69,34.1,70.5,66,,80.5,92,69.1,27.6,54.1,46.7,46.4,55.5,,81.7,27.1,31.4,,22.8,1.5,2.1,3.8,,,44.9,62.8,70.4,44.4,70.3,66.1,27.2,8.3,20.9,39.9,44.7,52.8,56.6,4.6,50.9,53,65,40.9,,43.6,66.7,28.4,12.5,56.1,95.1,72.4,28.5,26.8,26.8,40.2,29.3,,0.3,21.5,27.2,36.6,55.9,12.3,15.1,2.6,26.4,7.3,22.3,25.7,40.7,,12.5,3.7,0.4,,,8.4,2.3,18.8,,35.8,14.4,21.9,3.1,14.9,0.7,0,20.6,26.7,27.3,38,19.7,2,59.1,53.1,27,1.2,34.7,,34.3,28.6,6.3,12.7,2.3,4,
Trinidad and Tobago,2018,27,37.8,16.1,62.7,57.5,71.2,50.7,61.9,46.3,39.5,80.9,68.5,88.6,48.5,20.5,40.4,,,,40.4,,,,,,0.6,,1.8,,,34.6,54.9,71.8,50.7,52.9,44.1,21.1,26.6,15.5,,27.9,,67.4,4.7,43.8,26.8,65,15.3,0,58.3,58.3,,,46.3,45.7,70,34.8,27.5,31.7,46.8,32.5,0,,,29.3,29.7,43.5,,,0.3,21.6,,17.7,10.6,36.6,,13.8,2,0.3,1,0.1,6.3,4.2,28.3,39.1,,,6.5,,11.2,,0.2,0.9,21.9,18.3,33.2,9.3,7.9,55.6,47.3,3.3,,,,,3.3,3.6,4.2,1.4,5.4,
Egypt,2018,27.2,32.7,21.6,44.3,29.8,31.8,28.8,41.3,20.4,32.7,56.1,61.7,84.5,38.9,22.9,45.3,31.2,,44.4,,75.2,11.3,27.8,4.2,9.1,12.3,8.1,16.4,,24.6,37.9,43.8,54,33.5,47.1,40.7,29.3,7,51.9,29.1,40.6,37.2,61.2,6.1,38.8,21.1,50,12.9,0.5,30,55,7.3,2.6,65.4,56.7,63.8,70.5,19.5,21.7,55.1,8.7,1.1,7.5,15.7,18.2,29.2,47.7,0.1,2.7,0.1,18.6,10.1,20.4,12.6,38.8,7,21.1,9.2,4.4,0.4,,16.9,15.2,40.5,72.6,,23.7,5.4,28.1,13.7,7.9,0.4,12.5,23.8,22.1,35,4.3,7.5,60.2,54.2,17.6,,2.1,1,9.4,41.8,0.9,1.2,0,1.7,0.8
Botswana,2018,28.2,40.5,15.8,66.6,68.5,89.9,57.8,69.4,57.6,58.3,80.8,62,76.2,47.8,29.8,69.8,100,,39.5,,,16.1,18.7,,13.5,3.6,2,12.3,,,36.8,35.8,49,37.3,28.3,28.8,37.4,4.6,45.4,49.9,37,39.4,51.7,2.9,43.8,33.4,55,11.8,,40.6,56.7,,8.5,57.5,96.3,66.2,33.8,25.4,33.4,27,64,2.6,22.6,26.8,30.7,38,39.1,41.3,15.6,0.6,12,2.7,6.7,3.9,40.7,1.1,15.2,3.6,0.1,0.3,1.2,13.9,4.7,25.7,,67.2,8.9,1,,16.4,0.1,1.6,1.4,39.6,16.4,28.9,5.8,1.5,51.7,42.9,7.2,,,,,7.2,0.8,1.1,1.2,0.2,
Rwanda,2018,26.5,40.5,12.6,63.4,53,63.5,47.8,69.4,46.8,45.9,92.5,67.7,87.7,47.8,15.8,42.8,28.7,55.4,33.8,,63.8,4.8,6,,3.5,,,,,,36.8,34.3,26.7,15.8,45.6,49.1,46.7,,42.7,48.8,29.3,,43.7,0.4,54.2,65.7,90,7,100,53.6,73.3,,14.1,43.4,55.5,64.7,26.8,32.2,27.7,,68.6,,,1.3,40.3,42.1,52.1,,15,,28.6,2.5,32.9,23.6,42.4,,6.6,3.3,0.4,0.7,2.1,11.9,2.4,3.7,,7.1,3.4,0.6,,12.8,0.5,0.9,15.4,23.7,18.6,35.1,2.9,0.9,66.3,53.1,4,,,,,4,0.1,0.1,0.1,0.1,
Senegal,2018,26.5,33.2,19.9,57.8,41.9,58.5,33.6,64.6,40.4,38.8,89.6,66.9,89.7,44.1,25.2,45.6,70.4,37.6,21.2,,60.5,24.5,8.1,,40.9,5.6,6.3,16.1,,,31.3,32.5,35.7,17.6,37.7,39,30.5,0.9,12.3,54.4,31,24.1,49.5,7.9,32.9,23.6,30,12.5,28.3,30.4,41.7,,7.7,44.7,40.8,68.2,34.9,18.7,8,5.8,18.5,0,2.6,4.8,23.8,42.6,40.9,15.1,11.4,0.5,24.4,2.5,14.2,53.3,41,,19.9,6.8,3.1,1.4,,16.6,6.1,33.4,75.6,1.5,25.9,2.4,19.5,19.6,2.1,1.7,44.1,25.1,19.8,34.7,5.5,2.4,60.7,54,9.4,8.6,1.3,,19.6,3.5,0.4,1,0.1,0.1,
United Republic of Tanzania (the),2018,28.1,32.7,23.5,53.7,39.4,55.2,31.5,65.5,32.9,33.3,98,56.3,73,39.5,10.5,25.9,27.9,,16.8,,40.2,2.6,2.6,,,3,0.1,12.1,,,32.8,37.3,25.2,7.5,57.3,59.3,36,0.4,42.9,50.4,25.2,11.2,50.8,1.9,41.1,39.2,65,3.9,48.7,30.5,45,,1.5,53.5,53.4,60.4,50.1,25.3,12.1,0.1,36,,,0.4,43.4,41.7,47.3,80.2,6.8,0.2,20.3,0.4,18.5,9.6,42.6,,16.2,4.1,,0.2,,7.7,8.7,34.3,79.6,,,2.3,9.8,10.2,0.1,0.7,3.6,23.2,30.8,50.1,,,51.9,48.2,22.7,,,,41,4.4,0.1,0.1,0.1,0.1,
Namibia,2018,28,39.6,16.4,61.9,60.2,81.8,49.4,72.6,40.6,54.7,97.5,53,68.9,37,38.8,85,85,,,,,29.1,7.1,,51.2,2.3,1.6,7.7,,,35.8,32.4,43.9,33.6,28.3,23.7,33.7,2.2,31.5,50.5,41.2,41.2,58.5,6.7,38.6,27.3,60,21.4,0.5,35.5,53.3,,,53.1,93.7,62,28.3,23,21.9,28.8,29,1.1,14.1,22.4,28.9,38,41.1,30.2,19.5,2.1,18.1,2.4,16.6,6.5,49,8.2,7,5.5,,1.1,,11.6,3.8,5.2,,3.1,8.9,3.8,4.8,10.2,,1.8,0.5,24.5,25.9,45.5,29.5,,57.4,49.6,9,,,,,9,3.6,8.4,0,2.4,
Uganda,2018,25.3,35,15.7,53.6,36.6,47.9,31,68.5,38.6,37.3,99,55.6,72.3,38.9,14.5,13.5,13.5,,,,,28.6,3.2,,54,1.5,0.2,3.7,,2.3,38.3,35.6,24.6,18.7,50,49.1,48.9,,45.3,50.6,30.3,,44.3,2.4,38.8,32,65,4,27.1,28.7,50,11.4,3.4,55.7,64.8,71.3,43.5,29.6,13.9,1.5,41.3,0.2,4.3,7.5,55.1,43.2,43.3,100,1.1,,19.7,9,20,18.9,40.8,4.6,13.8,6.7,1,0.8,,15.5,9.4,23.8,56.6,2.6,0.4,2.9,,10.9,0.9,0.6,5.9,23.5,17.6,33.3,6.3,,52.1,41.5,3.5,0.1,,,,5.1,0.2,0.2,0.1,0.4,
Cote d'Ivoire,2018,20,28.6,11.3,54.9,33.6,43.8,28.6,61.2,34.7,25.5,92.3,69.8,91.7,47.8,13.8,33.4,43.7,30.9,21.4,,41.9,7.9,6.8,,8.9,,,,,,24.6,24.6,39.2,25,18.8,15.3,25.3,1.3,24.9,37.4,24.1,14,45.3,1.9,30.8,15.4,30,7.6,8.7,31.8,40,15.5,,45.1,46.4,,44.4,19,28.8,,42.4,,,1.8,9.2,,,,9.2,,18.9,0.5,13.9,15,36.9,,18.9,2.5,0.9,0.3,,3.2,5.5,43.3,84,,0.7,4.5,,10.9,0.1,2.3,5.3,23.6,3.7,6.2,3.5,11.5,,,2.3,0,,,,3.5,0.3,0.5,0.2,0.3,
Ghana,2018,24.5,32.4,16.6,46.7,47.1,60.9,40.1,38.7,38.1,43.8,36.3,54.4,84,24.8,20.6,47.7,59.3,35.4,36,,72.7,11.4,12.6,7,19,2.7,0.3,8.5,,2.1,32.1,42.5,43.6,35.5,44.9,45.8,19.7,1.4,27.6,24.9,34.1,34.7,49.7,1.7,35,29.2,65,6.3,16.3,28,51.7,3.9,4.9,47.6,29.1,65.9,47.7,27.7,17.4,9.1,48.4,0,0,6.5,40,41.2,52.8,59.6,14.1,0.2,25.7,,18.2,,57.8,1.1,16.1,3.2,0.6,0.2,0,11.1,7.2,28.1,67.9,3.3,0.5,0.9,,16.9,,0.5,,25.1,17.2,33.7,2.4,18.8,57,49.2,1.1,,,,,1.1,0.3,0.6,0.1,,
Mali,2018,23.3,29.4,17.2,48.6,23.3,28.8,20.6,58.6,28.9,22.5,91.4,63.8,84.5,43.2,11.8,29.7,31.7,29.8,11.8,,61,4,3.9,,4.2,1.8,0.2,7.1,,,25.6,14.9,31.6,11.9,9.4,6.8,32.5,,20.4,38.6,29.3,,43.7,0.6,33.2,14.8,30,8.9,5.5,40,40,,,44.7,50,60.4,34.2,27.9,7,1.6,18.9,,1,0.2,36.5,38.7,43.8,62.4,4.1,0.5,40.1,1.6,21.1,63,36.8,58.6,20,4.7,1.5,,,8.4,4.1,36.8,72.4,,2.1,0.2,,18.6,0.1,1,40.7,25.4,14.5,27.3,1.6,1.5,50,43.2,0.8,2,0.5,,,0.4,2.4,0.1,7,0,
Algeria,2018,23.9,33.7,14.1,49.6,33.9,38.3,31.6,51.6,14.1,20.6,85.8,63.4,77.5,49.2,25.9,38.1,37.9,,51.3,11.9,,39.6,34.6,60.8,2.4,,,,,,40.3,25.9,51.4,33.8,6.5,11.9,59.7,6.1,32.7,100,35.3,30.5,57.2,1,32.5,8.9,10,7.8,,33.3,33.3,,,55.4,41.9,51.6,64,20,14.9,12.5,18.3,,,13.1,20.2,27,35.8,,2.4,0.1,24.8,12,39,7.6,34.4,,13.4,5.2,0.9,0.3,,11.7,7.7,25.2,71,2.1,0.2,1.8,4.8,9.9,0.2,0,2.6,23.4,14.7,27.8,10.9,7.3,45.6,37,2.5,0.2,,1.3,6.6,0.1,0.8,0.5,0.1,2.5,0
Nigeria,2018,22.4,29.9,14.9,44.6,19.4,21.8,18.2,58.9,20.5,15,100,55.7,80.8,30.6,12.9,29.5,,,19.4,,49.8,7.8,7.8,,,1.3,0.3,4.8,,,26.5,31.1,31.6,15.8,41.3,35.6,18.3,0.6,26.1,23.3,30,20.2,54.8,0.3,41.7,32.1,90,4.5,1.9,34.6,66.7,4.2,0.9,58.5,26.1,68.2,69.8,23.5,33.1,46.8,36,,0.1,,16.6,25.3,40.2,2,6.4,0,20.9,14.6,15.3,14.9,35.4,,10.3,3.5,0.2,0,,3.7,10.1,13.8,28,2.8,10.3,0.2,,13.4,,0,2.1,25.8,19.5,33.6,8.5,4.1,58.7,48.2,10.6,,41.1,0.7,,0.3,0.4,0.5,0.3,0.2,0.5
Cameroon,2018,23.8,30.1,17.6,47.4,31.8,42.7,26.3,50.9,23.9,16,81.9,59.6,82.4,36.7,17.8,32.1,19.6,20.7,41.1,,61.7,21.3,13.7,33,5.6,,,,,,22.4,19.7,28.4,11.6,21.7,16.9,20.8,1,4.1,39,26.8,25.5,40.8,1.5,32.2,26,60,4.5,13.4,29,41.7,,3.8,41.5,16.6,64.4,42.5,30.7,45.1,,45.1,,,,28.8,37.6,36,,5.5,,18.1,2.4,14.9,9.7,37.5,,16.9,7.2,3.3,0.1,,19,6.1,31.8,70.7,,15,1.6,1,11.8,0.3,0.8,10.7,23.7,18.3,29.4,3,2.5,54.5,44.3,13.7,,6.7,,30.6,0.2,0.5,0.1,1.3,0.1,
Burkina Faso,2018,18.9,29.6,8.3,54.8,35.3,42.7,31.6,64.5,33.9,31.7,96.2,64.4,88.2,40.7,16.5,28.4,35.9,20.4,18.5,,49.3,19.7,4,30.2,14.5,1.3,0.4,4.8,,,26.6,20.5,28.2,11.3,18.8,23.7,30.7,,30.9,30.7,28.6,,42.8,0.2,33.5,21.6,30,9.9,25,40,40,,,38.8,51.6,,32.4,16.6,18.1,,28.2,,15.2,0.7,3,,,2.8,3.2,,28.9,0.2,13.6,47.4,39.9,,16,5,1.4,,2.2,14.3,4.8,30.6,73.4,0.6,2.1,3.3,,12.6,0.7,0.8,10.6,25.4,0.6,0.7,0.8,0.4,,,0.9,0.8,1.9,,,0.4,0,0,0,0,
Malawi,2018,23.1,30.4,15.7,50.5,39,63.3,26.9,57.4,22.4,33.7,86.8,54.9,76.4,33.3,11.3,31,42.8,33.8,29.2,,5.4,2.8,,,5.6,0.1,0.4,,,,26.3,20.4,21.8,9.4,21.7,28.8,25.1,,34.7,20.2,33.5,,49.2,2.2,37.6,37.1,90,2.2,19.2,31.5,51.7,7.3,15.5,44.1,68.7,57.1,25.2,26.6,16.3,0.8,38.9,,,2,31,28.4,32.3,,,,32.5,4.6,29.1,25.8,56.4,,14.9,9.3,0.7,0.7,,28.5,7,21.6,57,0.3,2.7,2.5,10.1,13.8,,0.8,9.2,22.6,16.6,26.3,10.3,,39,29.6,13.6,1.6,,,29.4,3.8,0.1,0.1,0.3,0,
Mozambique,2018,23.1,30.4,15.7,43.8,29.5,40.4,24,38,26,16,55,64,79.9,48.2,16.9,43.8,63,65.4,25,,,4.8,5.2,6,1.8,2,0.3,7.6,,,32,22.1,25.3,22.4,20.3,20.3,53.8,2.5,28.7,92.1,20,1.2,46.4,5,31.5,13.7,25,13,3.1,30.8,41.7,,9,50.1,76.7,57.8,33,27.9,7.6,1,24.7,0,0.5,1.6,44.7,37.2,34.6,76.1,9.8,,31.2,4.4,12.9,24.9,100,0.3,16.1,3.8,2.3,0.4,3.4,9.5,4,33.6,64.2,,1.8,4.2,,11,0.1,0.8,2.5,25.8,15.3,29.4,16.8,4,47.6,36.4,2.4,,6.2,,,0.5,0.1,,0.1,0.1,
Madagascar,2018,24.8,29.3,20.2,49.3,29.3,55.5,16.2,57.5,26.4,23.8,89.8,61,87.8,34.2,15.4,20.6,11.5,5.5,30.1,,50.1,25.6,3.3,45,9.2,0,0.1,,,,22.3,17.7,22.9,5.1,22.5,20.3,26,,4.3,36.9,23.2,,33.7,2.1,38.9,19.9,35,3.4,21.4,51.7,51.7,,,44.9,48.4,63.7,33.8,20.7,6.5,0.7,12.3,,,6.8,21.3,38.9,33.9,20.2,1.1,0.5,34.2,13.3,11.8,54.6,46.6,,16.6,3.7,0.8,0.8,,9.2,4,28.8,68,0.3,1.5,6.2,,17.3,14.2,0.6,13.3,29.2,23.8,44.8,34.8,22.2,57.2,53.5,5.6,1.4,9.7,,,5.7,0.1,0.1,0.1,0.3,
Zimbabwe,2018,23.1,28.9,17.4,36.4,27.8,50.5,16.4,38.7,,7.6,73.7,42.8,59.3,26.2,27,49.4,75.4,43.5,28,,52,31.3,6.4,58.4,2.2,0.3,0.9,,,,20.3,27.5,34,21,26.1,28.8,13.6,2.1,0.9,25.6,20,0.9,43.4,11.3,41.3,22.6,45,,0.2,53.3,53.3,,,48,67.2,61.4,31.6,19.6,17.5,5.3,30.3,,,16.4,20.2,25.6,27.3,,20.1,0.5,21,8.4,25.8,3.3,40.2,,19.3,10.4,1.3,9.4,,24.3,6.5,36.9,54,,38.4,10.2,27.9,10.6,1.3,0.7,0.2,25.5,15.4,26.1,1.1,,45.4,31.8,9,,,,,9,0.4,0.3,0.7,0.2,
Benin,2018,23.1,30.4,15.7,50.5,39,63.3,26.9,57.4,22.4,33.7,86.8,54.9,76.4,33.3,11.3,31,42.8,33.8,29.2,,5.4,2.8,,,5.6,0.1,0.4,,,,26.3,20.4,21.8,9.4,21.7,28.8,25.1,,34.7,20.2,33.5,,49.2,2.2,37.6,37.1,90,2.2,19.2,31.5,51.7,7.3,15.5,44.1,68.7,57.1,25.2,26.6,16.3,0.8,38.9,,,2,31,28.4,32.3,,,,32.5,4.6,29.1,25.8,56.4,,14.9,9.3,0.7,0.7,,28.5,7,21.6,57,0.3,2.7,2.5,10.1,13.8,,0.8,9.2,22.6,16.6,26.3,10.3,,39,29.6,13.6,1.6,,,29.4,3.8,0.1,0.1,0.3,0,
Zambia,2018,20.6,30.6,10.6,56.5,42.7,65.9,31.1,61.4,30.6,26,94.5,65.5,90.6,40.5,22.4,38.5,38.2,9.6,42.7,,88.7,28.7,10.3,31.2,41.9,,,,,,22.8,16,26.3,6.3,14.5,16.9,33.2,0.1,16.9,57.8,19.1,9.6,38.2,0.1,29,23.3,30,7.3,32.5,31.2,40,,13.7,32.5,13.1,62.5,27.2,22.2,15.2,,21.9,,,1.7,32.7,30.6,33.7,,,,18.8,,1.7,23.4,40.6,,7.4,6.3,0.9,0.7,,20.3,3.3,3.7,,,3.7,3.8,,12.2,0,0.2,9.8,25.4,13.9,27,3,1.3,50,40.8,1.1,,,,,1.1,0.4,0.6,0,0.6,
Guinea,2018,20.7,28.6,12.8,47.1,42.2,68.9,28.8,34.4,31.7,35.6,35.1,64.9,84.9,44.9,1.4,,,,,,,2.7,2.7,,,1.6,0.3,6.2,,,35,30.1,28.5,19.3,37,35.6,48.3,2.9,17,86.7,26.6,13.7,51,3.4,41.9,33,95,2.9,1.2,37.5,53.3,6,,55.1,74.1,65.2,40.6,17.3,14.1,7.4,32.7,0.1,4,,19.7,37.8,42.3,3.1,8.8,0.4,18.1,0.6,12.7,9.8,53,5.7,12.3,3.6,1.2,0.3,,7.1,5.8,26.1,61.5,4.1,1.8,1.7,,7.1,,2.5,3,11.5,13.3,25.7,3.1,2.2,46.6,39.2,1.5,,,,,1.5,0.1,0.1,0.1,0.1,
Togo,2018,20.7,28.2,13.2,49.5,31.8,55.2,20.1,56,21.9,8.6,96.9,60.5,81.8,39.3,7.3,15.2,15.5,6.1,21.8,,19.8,6.6,8.7,,4.5,,,,,,26.4,12.6,25.1,8.3,8.7,8.5,35.1,,13.7,45.9,31.3,,46.6,0.7,30,11.7,30,1.9,3.1,40,40,,,38.4,21.8,75.9,28,27.8,16.6,,16.6,,,,42.2,67.2,50.3,,,1,24.7,1.5,8.9,27.2,49.5,,5.6,1.7,0.2,0.5,,4.6,1.4,1.3,,0.5,3.3,0.3,,13.7,0.2,0.5,21.7,23.1,20.9,38.6,3.5,6.8,68.2,60,6.3,21.6,3,,,0.3,0,0,,0,
Niger (the),2018,18.9,27.9,10,51.7,32.4,60.1,18.5,58.3,23.8,25.2,92.2,64.5,82.5,46.4,15.4,35,46.3,18.2,37.7,,40.6,9.5,9.5,,,1.6,0.3,6.1,,,25.9,27.1,27.1,10.6,31.9,39,32.3,,25.7,51.8,18.3,3.1,41.8,1.7,27.5,25.5,30,15.2,31.2,40,40,,,16.9,32,,9.4,18.8,27,,40,,,1,10.6,,,10.6,,,19,0.1,11,9.3,45.9,,16.4,3.9,4.6,,,6.5,0.7,3.9,,0.9,6.6,4,,41.5,0.1,0,7.5,100,3.5,4.6,6.4,1.1,,,4.5,0,17,,,0.5,0.3,0.6,0.1,0.1,
Burundi,2018,20.6,30.3,10.9,52.9,33.5,39.6,30.4,58.7,26.9,26.3,90.8,66.4,93.7,39.2,21.5,50.6,57.6,100,,,39.1,14,0.8,,27.3,,,,,,26.5,9.4,20.4,1.4,7.3,8.5,49.6,0.1,23.1,87.7,20.5,15,35.7,1.2,26.9,12,30,3.6,2.3,40,40,,,28.6,36.8,,24.5,23.6,21.2,,31.8,,,,3.7,,,,5.5,1.8,45.8,2.7,16.8,88.4,53.7,,15.8,3.6,1.8,0.8,,9.2,2.5,23.2,67.3,,2.5,0.4,1.5,20.8,0,0.4,45.7,28.8,5.9,0.1,0.1,0,,,23.1,0.6,2.7,,67.5,0.3,0.3,0.9,0,,
South Africa,2019,34,45.7,22.3,65.9,57.2,64.9,53.3,72.6,48.2,46.1,98,67.9,81.2,54.5,30.4,44.4,58.9,30.3,46,,40.2,21,15.7,26.4,15.7,25.8,5.6,17.2,46.6,33.6,41.1,66.3,53.8,43.1,83.3,84.8,32.6,15.8,61.4,26.7,24.4,10.3,44.7,11.9,58.6,44,60,71.7,0.2,62.7,73.3,100,4,69.2,74.2,71.2,65.7,32.7,33.9,40.2,,8.7,49.6,30.7,29.9,54.2,56.4,24.8,15.3,3.8,34.4,46.8,33.4,28.1,48.8,21.1,23.9,19.3,5.4,5.8,,28.4,28.4,37.9,58.9,37.4,24.7,13.1,34.6,14.4,3.1,11.4,6.4,36.6,20.8,36.3,7.7,7.2,57.2,58.7,6.9,5.1,2.5,8.8,,9.2,3.7,3,8.6,2.8,0.3
Tunisia,2019,32.8,42.1,23.5,61.1,51.6,64.9,44.9,59.4,30.9,48.3,79.3,72.2,90.2,54.2,44.4,66.9,64.4,100,55.2,16.4,79.5,57.3,24.9,98,8.2,9.1,23.7,12.8,0,0,44.2,65.4,57.1,44,80.6,79.8,26.2,6.1,23.7,37.5,41.2,34.8,62.4,11.6,39.6,33,50,40.7,8.4,33.2,56.7,7.3,12.2,52.4,47.6,65,48.5,21.3,26.7,36.2,33.6,3.1,24.1,19.9,16,38.2,37,7.5,0.7,0.1,21.3,2.2,28.5,9.6,51.9,4.6,23,18.7,7.1,0.8,,66.5,9.6,34.5,68.8,6.1,28.3,18,17.2,15.8,3,21.4,14.6,24.2,24.1,42.1,,5.9,59.6,42.7,10.5,0.2,4.8,0.9,,23.3,1.6,2.7,1.4,2,0.2
Morocco,2019,31.6,39.9,23.3,61.1,50.7,66.7,42.7,59.7,35.8,41.7,80.7,72.9,93,52.8,27.8,54,48.8,65.7,44.8,,59.7,21.5,26.3,26.3,7.2,7.9,12.8,15.3,0,3.5,48,62.5,63.6,42.2,66.7,77.5,37.5,3.1,22.3,62.3,43.9,44.1,63.5,4.4,42.9,26.8,45,28.9,6.4,36.3,60,22.2,3,65.6,82.1,67.2,56.5,19.8,20.9,10.6,30.2,5.4,38.2,,16.9,31.2,45.9,3.2,5,0.3,21.5,6.5,19.7,12.4,53.3,8.2,20.7,8.4,3.8,2.6,,15.5,10,36.2,73.4,6,21.7,6.7,36.1,17.6,0.3,8.8,33.2,27.9,26,48.3,22.9,69.1,60.4,51.3,5.6,10.6,5.4,0.8,10.2,1.1,1.6,1.6,0.8,3.5,0.4
Kenya,2019,31.1,38.1,24.2,59.2,45.9,59.6,39,61.9,35.7,35.5,88.2,69.9,82.4,57.4,17.5,33.8,48.5,,25.7,,20.5,13.4,8.7,20.8,3.2,5.5,2.6,16.9,0,2.5,29.6,43.3,39.6,17.6,62.5,53.4,20.9,0.6,35.1,23.9,24.5,12.6,47.3,2.9,51.8,58.1,90,11.9,72.3,46.3,78.3,11.4,17,51.2,31.3,72,50.7,32.2,26.3,,49.1,1.7,5.5,,45,55.1,55.4,90,13.4,0.4,25.2,28.5,30.2,6,49.4,13.6,20.1,11.3,4.7,0.8,14.3,16.2,14.3,30.4,72.2,3.1,13.6,8.5,13,18.5,15.3,1.9,32.1,24.5,28.3,41.1,12.6,4.6,68.9,60,30.6,0.7,,2.4,87.1,3.1,0.6,1,0.8,0.7,0
Mauritius,2019,30.6,43.3,18,63.6,76,91.2,68.3,33.3,68.7,64.4,0,81.7,94.3,69.1,27.1,56.5,46,56.3,54.4,,82.4,23.5,30.3,,16.6,1.4,2.1,3.6,0,0,44.2,66.3,74.3,49,72.9,69.1,20.8,8.5,31.3,21.7,45.4,54,56.6,5.8,53.4,56.9,65,48.8,,46.4,75,27.4,8.3,56.8,95.1,70.5,30.9,27.9,27.9,41.8,29.3,,0.2,25.3,24.2,35.7,51.2,12.2,25.8,2.7,31.6,6.8,15.8,38.7,52.7,,11,4,0.2,,,10.9,2.4,17.8,,35.8,15.1,17,3.2,11.2,0.6,0.1,19.5,24.7,24.9,36,14.3,2.3,57.4,53.2,21.3,3.2,35.1,,34.7,10,6.5,13.2,2.2,4,
Trinidad and Tobago,2019,28.1,38.6,17.5,63.4,59.8,73.7,52.8,62,42.6,43.5,80.9,68.5,88.6,48.5,20.5,40.4,,,,40.4,,,,,,0.6,,1.7,0,0,37.5,62.7,74.6,54.4,63.9,57.9,22.1,27.8,16.5,,27.7,0,67.4,3.8,45.6,27.5,65,17.6,0,61.7,61.7,,,47.5,51.6,66.9,35.6,26.2,34.7,52.3,32.5,0,,38.7,20.3,29.7,43.3,,5.7,0,23.5,13.6,19.1,10.5,45.9,,14.9,2.5,0.4,1.9,0.1,6.9,4,35.2,49.9,,,5.9,,6.9,0.4,0.2,1.4,25.6,20.2,36.1,4.7,38,52.7,49.8,4.9,0.6,,,10.4,1.6,3.7,4.3,1.4,5.4,
Egypt,2019,27.5,33.3,21.6,47.9,39.7,56.1,31.5,40.8,18.8,32.2,56.1,63.2,84.1,42.3,19.7,37,31.2,18.6,42.3,,74.8,11.4,26.8,6.2,6.6,10.7,8,13,0,21.9,36.8,49.4,55.6,34.7,53.5,53.9,21.1,7.1,35.6,20.9,39.9,36.3,61.2,4.4,41,25.8,65,11.5,1,30.8,58.3,4.9,1.5,66.4,58.5,65.7,70.6,21.2,21.1,53.1,8.7,0.8,6.8,16.2,17.5,30,53.9,0,2,0.1,24.9,9.6,21.2,25.1,53.2,7.7,22.1,11.1,4.6,0.6,,19.2,15.5,43.7,74.7,,38.3,4.1,26.7,11.6,,0.4,11.9,22.6,21.1,35.8,3.6,9.4,61,56,12.1,3.1,2,0.5,26.7,12.8,0.7,1.2,0,1.7,0.1
Botswana,2019,27.4,40.9,14,65.7,66,84.2,56.8,69,54.4,60,80.8,62.1,76.2,48,28.2,67.5,100,65.7,36.9,,,13.8,17.7,,9.8,3.4,2,11.5,0,0,35.2,32.4,52.5,36.8,20.8,19.7,34,4.2,,49,39.2,44.8,51.7,2.8,49,34,55,13,,56.7,56.7,,,56.3,93.7,61.7,34.9,26.2,34.4,30.4,64,2.4,22.5,27.4,24.3,34.7,34.5,41.3,8.3,0,19.8,3.4,8.4,24.6,53.3,1.2,13.7,4.1,0.4,0,1.8,15.8,4.5,25.9,,67.2,9.5,1,,11,0.2,4.8,3.1,36.1,14.3,27.4,3.8,1.7,49.4,41.9,1.6,0.4,,,,2.2,0.8,1.1,1.2,0.2,
Rwanda,2019,27.4,43.5,11.3,68.1,59.8,73.7,52.9,70.1,45.9,49.8,92.5,74.3,91.4,57.2,17.8,43.9,24.7,68.9,30,,60.3,9.5,5.5,13.2,6.3,0,0,,0,0,40,48.7,27.8,19,72.2,75.8,42,,42.6,41.7,29.1,,43.7,0,55.2,67.6,95,7.7,100,54.2,76.7,,9.2,44,58.9,57.9,29.5,36.2,34.8,13,68.6,,,10.8,44.4,41.5,45.8,,,,29.4,2.4,33,14.7,54.1,,5.7,4.6,0.7,0.6,5.5,14.7,2.6,3.9,,7.1,3.8,0.8,,8.6,0.4,1.3,7.8,25.1,16.9,33,3.2,1.1,60.8,51,1.5,0.4,,,,2.1,0.1,0.1,0.1,0.1,
Senegal,2019,26.8,33.6,20.1,60.4,49.3,70.2,38.8,64.9,38,42.4,89.6,67.1,89.9,44.3,20.6,36.8,59.7,21.2,16,,63.9,19.4,8.3,,30.5,5.7,6.5,16.2,0,0,31.1,39,38.4,19.2,47.9,50.6,24.2,0.9,8.8,43.6,30.1,24.6,49.5,2,35.6,20.7,30,12,20,41.7,41.7,,,44.3,31.1,68,39.1,20.2,9.1,9.7,18.5,0,2.6,5,21.5,39.8,40.3,15,,0,29.9,3,17.6,62.4,53,0,19.4,5.1,2.4,1.1,,10.5,5.9,34.7,79.5,1.5,26.4,2.2,19,18.3,2.2,1.8,42.8,26.2,20.8,36.9,3.6,4.4,65.3,58.1,9,23.7,0.5,,13.8,1,0.4,1,0.1,0.1,
United Republic of Tanzania (the),2019,26.6,31.5,21.8,53.4,40.2,57.9,31.3,64.2,26.4,34.6,98,55.8,72.7,39,10,24.5,27.9,15.4,8,,69.1,2.5,2.5,,,2.8,0.1,11.3,0,0,33.2,38.3,26,9,56.3,61.8,35.9,0.4,,53.6,25.5,11.8,50.8,2.1,35.7,23.6,65,4.4,1.5,30.4,45,,1.2,53.1,51.7,59.4,50.6,25.1,13.5,4.2,36,,0,0.4,38,45.7,48.7,80.2,0.3,0,23.8,0.6,22.8,6.5,53.8,,14.9,5.1,0,0.2,,7.9,8.6,33.5,77.7,,0.5,2,9.5,6.2,0,1,1.7,22,28.7,50.3,,,53.3,47.2,13.9,0.1,,,33.3,1.4,0.1,0.1,0.1,0.1,
Namibia,2019,25.9,35,16.7,61.2,59.4,75.4,51.4,71.1,36.9,52.7,97.5,53,69.1,37,13.9,23.5,23.5,,,,,15.9,15.8,11,25.9,2.2,1.6,7.1,0,0,34.9,40.5,45.4,32.3,45.1,39.3,24.5,2,,35.8,39.6,39,58.5,3.1,40.2,29.9,60,29.3,0.5,36.7,51.7,6.8,,54.1,94.9,62,29.7,24.7,22.9,32.1,29,1,14.1,23,26.1,37.5,42.2,30.1,26.2,0,25.1,1.8,23.5,21.3,58.9,8.2,6,5.4,2.1,1.8,,15.9,3.7,5.3,,3.1,10,3.6,4.7,7.1,0.2,0.2,7,21,27.5,51.7,53.4,,55,46.7,2.8,1,,,,3.7,3.9,8.5,0.7,2.4,
Uganda,2019,25.6,35.7,15.5,55.2,41.5,59.6,32.4,68.1,36,38.5,99,56.1,72.3,39.9,13.4,18.1,18.1,,,,,21.2,3.1,,39.4,0.9,0.2,3.4,0,0,36.6,40.5,26.9,15.9,56.9,62.4,38.9,,23.9,46.4,30.2,,44.3,2.2,45.8,32.6,60,4.7,33,50,50,,,55,58.9,72.4,44.3,27.3,19,16.4,41.3,0.2,4.3,13.4,41.7,42.6,43.1,100,4.7,0,21.2,6.8,19.6,14.2,53.4,4.6,13.6,6.8,1.1,0.2,,13.6,9.5,26.6,63.4,2.6,0.9,2.5,,7.5,1.1,0.7,6.3,22,17.5,32.6,5.3,,49.8,42.7,4.5,2.8,,,,5.4,0.2,0.2,0.1,0.4,
Cote d'Ivoire,2019,25.6,32.4,18.7,57.5,40.1,63.2,28.6,61.6,32.2,29.7,92.3,70.8,93.7,48,13.6,33.7,38.3,38.5,20.2,,41.7,7.2,6.7,,7.7,0,,,0,0,28.1,27.4,37,32.9,22.2,17.4,31.7,1.5,47.6,38.9,25.3,16.7,45.3,2.6,36.7,31.2,70,10.5,13,28.2,40,,4.6,50.8,42.4,70.2,45.4,26.1,28.8,,42.3,,,1.8,17.4,22.1,32.5,,,0,32.1,0.6,16.4,44.6,51.2,,19.7,3.3,1.2,0,,4.5,5.3,45.8,88.6,,1.1,4.9,,10.1,0.2,6.5,11.2,22.6,17.6,34.5,2.8,8.1,63.7,50.3,1.1,1.5,,,,0.8,0.3,0.5,0.2,0.3,
Ghana,2019,25.3,32.8,17.7,48.9,52,68.4,43.8,40.2,38.3,49.8,36.3,54.6,84.3,24.9,19.2,43.6,40,44.1,32.3,,72.4,11.8,12.3,12.2,10.6,2.1,0.3,7.9,0,0,35,54.5,45.6,40,69.4,62.9,14.9,1.6,23.5,17.2,35.7,38.4,49.7,2.2,34.3,25.8,60,4.1,13.3,26.7,51.7,1.9,1.5,50.3,40.5,63.4,48.6,26.6,20.7,19.2,48.4,0,0,9.9,36.1,47.3,52.9,59.6,15.9,0.2,23,,8.8,,59.3,1.1,16.6,4.4,0.6,0,0.6,14,7.3,33.2,80.4,3.3,0.9,1.2,,12.3,,1.1,,23.4,18.9,35,1.7,30.4,56,49.7,5.1,,,,9.9,0.2,0.3,0.6,0,,
Ethiopia,2019,24.2,28.2,20.1,47.5,37.9,54.4,29.6,53.8,15,34.4,83,50.7,70.8,30.5,10.6,22.7,42.6,24.2,12.5,,0,5.8,5.8,,,3.3,0.4,12.9,0,0,35.6,38.5,22.5,10.9,63.2,57.3,48.9,0.3,,73.2,19.4,3.6,44.8,0.2,27.3,7.7,15,,0.3,28.3,28.3,,,45.8,32,45.6,52.9,20.2,8.5,6.3,23,0.2,0.9,0.2,17.4,43.9,42.7,4.1,2,0,34.7,0.9,81.1,16.7,57.2,0.5,17,9,,,,12.9,7,39.8,90.9,,0,0.6,16.4,2.1,0,0.4,5.9,,23.2,39.4,,,40.6,38.2,14.2,0.7,,,34.8,0.3,0,0,0,0,0
Mali,2019,24,30.7,17.3,51.4,31.7,47.4,23.8,58.8,26.6,25.8,91.4,63.8,84,43.5,10.7,27.1,23.3,31.8,5.5,,68.2,3.4,3.8,,3,1.6,0.2,6.1,0,0,27.5,25.2,35.7,14.6,26.4,24.2,27.8,,24.6,29.4,29.6,,43.7,1.3,33.9,18.3,30,10.8,14,40,40,,,43.3,43.7,58.3,35.6,30.1,8.1,4.8,18.9,,1,0.3,41.3,39.8,46.5,95.8,5.7,0,41.1,1.3,20.2,74,52.3,37.5,20.5,3.8,1.2,,,5.8,4,38.9,76.2,,2.5,0.5,,18.8,0.1,0.4,47.9,26.6,14.2,27.2,1,1.1,48.6,45,0.2,0.5,0,,,0.1,2.3,0.1,6.7,0,
Algeria,2019,24,34.6,13.3,51.1,38.3,50.9,32.1,51.2,9.8,23.5,85.8,63.7,78.1,49.2,27.9,37.7,37.9,,50.2,11.9,,40.6,37.4,61.6,1.9,5.3,9.8,11.4,0,0,42.1,35.3,53.1,46.3,21.5,20.2,54.8,6.1,18,97.5,36.1,32.6,57.2,0.9,34.1,9.8,10,9.7,,35,35,,,57.6,47.4,55,63.9,18.1,19,30.5,,0.9,8.5,24.3,13.8,26.9,40.6,0,2.5,0,21.4,8.7,27.1,15.9,48.6,0.4,12.3,6,1.3,0.4,,12.1,8,24.5,69.1,2.1,0.6,1.6,4.7,6.4,0.1,0.1,3.1,22.3,14.3,27.8,4.3,10.3,46.7,41.3,1,0.4,1.3,1.3,1.9,0,0.8,0.5,0.1,2.5,0
Nigeria,2019,23.9,31.5,16.4,49.3,30.7,45.6,23.3,60.4,18.2,23.5,100,56.7,83,30.4,11.3,26.4,,,14.1,,51,7.5,7.5,,,0,,,0,0,26.6,36.7,29.9,15.9,52.8,48.3,14.1,0.5,21.9,16.9,29.1,17.7,54.8,0.6,43.4,34.2,85,4.3,13.1,34.8,66.7,2,3.7,61.2,36.9,68.7,69.6,26.7,37.2,49.7,36,,,14.7,18.4,23.7,41.5,,3.6,0,24.6,11.8,10,20.4,49.6,,14,5,0.3,0,,4.4,10.3,26.9,60.7,2.8,9.9,0.5,,10.1,,0.2,5.5,24.6,18.8,32,7.2,4.6,55.1,47.5,10.8,,42.5,0.6,,0,0.3,0.5,0.3,0.2,0.1
Cameroon,2019,23.9,31.7,16.1,49.6,36.5,56.1,26.7,50.8,19.9,19.3,81.9,61.4,86.3,36.6,18.8,34.5,23.2,25.9,40.2,,62.7,21.9,14.6,34.4,4.1,0,,,0,0,29.9,31.7,34.6,13.7,45.8,32.6,31.8,1.2,24.9,50.6,26.3,24.3,40.8,1.4,36.4,22.4,60,4.5,2.7,41.7,41.7,,,45.1,28.8,63.2,44.1,23.9,26.3,17.8,45.1,,,5.5,18.3,38.4,35.3,,0.9,0,27,1.3,15.5,25.8,52.5,,15.7,6.5,1.9,0.2,,18.4,6,29.9,66.3,,14.2,1.5,1,10.6,0.2,1.2,18.7,22.4,16.5,27.6,1.3,1.5,52,42.4,10.4,7.7,6.8,,23.8,0.1,0.5,0.2,1.3,0.1,
Burkina Faso,2019,23.3,32.3,14.3,56.4,40.2,56.1,32.3,64.5,30,35.7,96.2,64.5,88.2,40.9,14.4,29.4,35.9,26.2,15.6,,50.6,12.6,4.2,17.9,10.6,1.2,0.4,4.5,0,0,31.2,40.8,32.4,14.9,53.5,62.4,23.8,,26.1,22.7,29,,42.8,1.2,36.2,24.9,30,13,31.7,40,40,,,43.7,49.1,57.7,34.1,23.3,18.1,,28.2,,15.2,0.7,18.1,31.9,33.3,2.8,4.2,,33.8,0.2,11.6,52.2,54.5,,15.1,4.9,0.9,,1.9,14.8,4.8,31.1,74.4,0.5,2.5,3.7,,9.3,0.5,0.7,11.8,24.4,13.5,26.3,1.2,2.6,50,39.5,1.2,3.2,1.6,,,0.1,0,0.1,0,0,
Malawi,2019,23,30.8,15.3,51.3,40.7,61.4,30.3,58,21.9,36.6,86.8,55.2,77.2,33.3,10.8,30.1,34.4,42.2,25.2,,7.3,2,0,,4.1,0.1,0.4,,0,0,23.5,20.4,22.6,13.1,25.7,20.2,16.7,,24.4,12.9,33.2,,49.2,1.3,38.8,32,90,2.4,3.6,36.8,50,,10.5,47.4,73.3,61.1,27.6,29.5,17.8,4.9,38.9,,,1.2,33,28.7,35.2,,,,37.7,4.8,36,34.3,59.3,,15,8.3,0.8,0,,26.5,7,22.1,58.6,0.3,3.1,1.9,9.9,14.8,,2.6,20.3,21.4,15.5,25.9,8.8,,40,28.7,10,3.1,,,22.7,0.8,0.1,0.2,0.3,0,
Mozambique,2019,22.9,30.9,14.8,43.7,35.9,57.9,24.9,38,22.4,19.8,55,57.2,67.6,46.9,17.4,48.9,63.1,81.4,21,,11.3,1.5,4.9,0,1,1.9,0.4,7.1,0,0,33.6,30.8,20.8,15.6,42.4,44.4,50.4,2.2,,74.5,19.6,0.7,46.4,3.6,34.8,11.8,25,10.1,0.2,41.7,41.7,,,50.9,80.1,54.9,34.2,25.1,2.5,5.1,,0,0.5,1.6,44.4,37.2,36.5,76.1,4.2,,28.5,7.1,8.8,34.6,81.1,0.3,14.7,3.9,2.4,0,2.9,11,4.1,33,63.1,,1.9,3.7,,7.3,0.1,2.7,3,23.5,14.9,28.8,14.4,4.4,48.4,35.8,1.9,0.5,7.1,,,0,0.1,0,0.1,0.1,
Madagascar,2019,22.4,29.3,15.5,49.9,31.9,57.9,19,56.7,23.3,23.7,89.8,61.2,88.1,34.2,15.3,23.5,19.9,6.9,25.2,,60.4,22.2,3.2,39.9,6,0.1,0.2,0,0,0,22.6,23.3,22.3,7.6,30.6,32.6,21.4,,15.2,24.4,23,,33.7,1.7,40.3,23.2,40,4,25.7,51.7,51.7,,,46.1,67.8,,35.2,18.4,7.6,4.2,12.3,,,5.3,10.1,,,20.2,,0,37.6,9.3,10.2,60.4,56.3,,15.4,3.7,1.3,0.4,,9.4,3.8,28.2,67.1,0.3,2.1,4.4,,14.4,5.9,0.4,21.9,29.2,15.5,23.8,24.4,22.6,,,14.3,2.9,2.7,,38.5,1.5,0.2,0.1,0.1,0.3,
Zimbabwe,2019,22.3,29.2,15.4,37.6,27.6,47.4,17.7,39.3,0,9.9,73.7,45.9,66.5,25.3,27.8,51.4,75.4,54.2,23.8,,53.1,31.6,6.1,59.2,1.6,0.3,0.9,,0,0,21.7,29.9,36,23.4,32.6,27.5,15,1.5,2.6,28,20.2,1.8,43.4,10.8,38.4,27.6,55,,0.1,,,,,49.2,72,58.4,33.3,20.6,15.5,0,30.3,,,16.8,19.3,26.7,26.6,,34.9,0.4,27.1,4.8,21,20.4,51.2,,17.5,6.8,1.4,0.5,,19,6.5,38.7,59.4,,36.9,10.2,27.3,7,1.1,1.1,2.4,23.2,13.3,24.4,0.8,,42.7,29.7,4,5.1,,,,3.4,0.4,0.4,0.7,0.2,
Benin,2019,23,30.8,15.3,51.3,40.7,61.4,30.3,58,21.9,36.6,86.8,55.2,77.2,33.3,10.8,30.1,34.4,42.2,25.2,,7.3,2,0,,4.1,0.1,0.4,,0,0,23.5,20.4,22.6,13.1,25.7,20.2,16.7,,24.4,12.9,33.2,,49.2,1.3,38.8,32,90,2.4,3.6,36.8,50,,10.5,47.4,73.3,61.1,27.6,29.5,17.8,4.9,38.9,,,1.2,33,28.7,35.2,,,,37.7,4.8,36,34.3,59.3,,15,8.3,0.8,0,,26.5,7,22.1,58.6,0.3,3.1,1.9,9.9,14.8,,2.6,20.3,21.4,15.5,25.9,8.8,,40,28.7,10,3.1,,,22.7,0.8,0.1,0.2,0.3,0,
Zambia,2019,20.4,31.5,9.4,56.6,42.3,64.9,30.9,62,29.3,29.8,94.5,65.6,90.6,40.7,21.1,36.8,33.9,12,39.3,,87.3,26.4,9.7,32.6,30.6,0,,,0,0,27.7,31.1,31.4,8.9,47.2,37.1,32.5,0,32.1,49,19.5,10.4,38.2,0.6,32.1,25.7,30,8.6,38.5,40,40,,,30.7,0,63.2,29.7,19.9,15.2,,21.9,,,1.7,19.5,30.8,33.4,,,0,24.9,0.2,8.4,27,51.6,,5.6,6.2,0.6,0,,23.5,3.5,3.9,,,4.1,3.6,,6.6,0,0.7,1.4,24.3,13.1,26,1.8,0.7,49.9,39.2,0.1,0.2,,,,0,0.4,0.6,0,0.6,
Guinea,2019,20.4,28,12.7,47.1,43.2,66.7,31.5,34.4,29.4,37.7,35.1,63.7,85.1,42.4,1.4,0,0,,,,,2.6,2.6,,,1.5,0.3,5.8,0,0,36.6,35.8,31.1,24.5,47.9,39.9,48,2.4,21.6,84,25.9,12.5,51,2.7,37.7,32.7,95,2.8,0.2,26.8,50,4,3.3,53.5,65.1,66.4,41.3,17.1,12.9,1.7,32.7,0.1,4,17.2,17.4,31.6,42.1,3,,0,21.1,0.6,16.8,15.3,56.9,5.7,12.1,3.9,1,0.5,,6.8,5.7,23.6,60.9,4.1,2.5,1.4,11.9,8.8,,2.3,3.9,20.4,13.4,25.4,5.4,2.3,45.2,37.3,2.5,7,,,,0.2,0.1,0.1,0.1,0.1,
Togo,2019,19.5,27.8,11.2,50.6,33.4,57.9,21.2,56.8,19.5,13.9,96.9,61.5,83.9,39.1,6.5,13.8,13,7.6,16.8,,21.5,5.8,8.3,,3.3,0,,,0,0,27,27.1,29.8,12,31.3,35.4,22.4,,6.4,30.4,31.4,,46.6,1.1,31.4,11.8,30,2,3.3,40,40,,,42.3,31.3,75.9,31,23.3,16.6,,16.6,,,,33.5,67.2,50.3,,,0,19.8,0.5,1.6,5.1,62.4,,2.9,1.1,0.2,0,,2.4,1.4,1.6,,0.5,3.6,0.8,,5.9,0,0.6,0.1,22.9,19.6,38.6,2.4,9.4,68.2,60,1.2,1.8,2.8,,,0.1,0,0,0,0,
Niger (the),2019,18.5,29.8,7.3,53.4,34.5,64.9,19.3,58.1,20.8,27.5,92.2,67.7,88.7,46.6,16,36.9,46.4,22.7,39,,42,9.6,9.6,,,1.5,0.3,5.6,0,0,29.8,41.3,33.5,21.6,55.6,54.5,28.9,0,18,48.7,19.2,2.9,41.8,6.9,30.6,31.2,30,17.2,46.4,40,40,,,20.7,24.7,,18.8,19,22.2,12,40,,,7.1,11.3,,,10.5,12.7,,23.7,1.1,11.1,17.6,53.5,,10.1,2.5,0.8,0,,10,0.7,3.5,,1,6.6,3,,24.4,0,0.1,19.5,78,4.5,3.8,3.6,4.1,,,9.9,36.9,2.2,,,0.3,0.3,0.6,0.1,0.1,
Burundi,2019,18.1,28,8.3,54.4,38.3,54.4,30.2,58.5,23.7,28.5,90.8,66.6,93.7,39.4,9.9,19.2,28.6,22.8,0,,31.6,10.4,2.6,11.7,15.8,0,,,0,0,25.5,18.7,,,16,21.4,35.6,0,0.3,71.1,22.3,16.5,35.7,7.1,27.3,12.5,30,5.1,2.4,40,40,,,29.4,33.2,,27.6,22.8,21.2,,31.8,,,0,0,,,,,0,47.1,0.8,22.6,84.2,57.7,,16.1,3.2,1.9,0.7,,8.4,2.6,28.1,67,0,2.8,3.8,,16.9,0,0.7,41.1,25.8,0.4,0,0,0.1,,,1.3,2.2,2.4,,,0.3,0.3,1,0,0,